Image,Truth,Prob_1,Prob_2,Prob_3,Prob_4,Prob_5,ReferableProb,RuleGrade,DualEvidence,NativeWidth
000c1434d8d7,2,0.0225752927362919,0.0953934863209724,0.559629678726196,0.132172435522079,0.190229177474976,0.882031291723251,2,ESCALATE,3216
0024cdab0c1e,1,0.213679611682892,0.304894596338272,0.221718862652779,0.175079256296158,0.0846276730298996,0.481425791978836,2,ESCALATE,2416
0151781fe50b,0,0.988469064235687,0.00251573394052684,0.00563535559922457,0.00151457882020622,0.00186528544872999,0.00901521986816078,0,AUTO_REPORT,2048
0212dd31f623,0,0.698936402797699,0.060023944824934,0.0701104402542114,0.130558654665947,0.0403705388307571,0.241039633750916,2,ESCALATE,1050
032d7b0b4bf6,2,0.456891536712646,0.0623708330094814,0.190041527152061,0.137842386960983,0.152853786945343,0.480737701058388,2,ESCALATE,2588
03a7f4a5786f,4,0.308317214250565,0.201095029711723,0.337133646011353,0.0891494452953339,0.0643046349287033,0.49058772623539,2,ESCALATE,2588
03ff7d159f10,2,0.0372577756643295,0.151887238025665,0.779731214046478,0.0116440542042255,0.0194796770811081,0.810854945331812,2,AUTO_REPORT,3216
052d9a3fe55a,2,0.505882561206818,0.0706322491168976,0.193216755986214,0.177517682313919,0.0527508035302162,0.423485241830349,2,ESCALATE,2588
07083738b75e,2,0.0779506638646126,0.0981215164065361,0.441619098186493,0.0630946829915047,0.319214105606079,0.823927886784077,2,ESCALATE,3216
07a1c7073982,1,0.0823385268449783,0.4399453997612,0.255776315927505,0.120726577937603,0.10121313482523,0.477716028690338,2,ESCALATE,2588
07d8db76b301,2,0.116259649395943,0.168397933244705,0.501630961894989,0.0420813523232937,0.17163011431694,0.715342428535223,2,ESCALATE,3216
07e827469099,0,0.946163713932037,0.0217134393751621,0.00649729929864407,0.00868266820907593,0.0169427786022425,0.0321227461099625,2,ESCALATE,2048
08ee569d4721,0,0.788104116916656,0.0579855404794216,0.0376679413020611,0.0539816729724407,0.0622607171535492,0.153910331428051,2,ESCALATE,1050
094858f005ab,2,0.0690070167183876,0.200868219137192,0.517947971820831,0.140599101781845,0.0715776905417442,0.730124764144421,2,ESCALATE,2416
09eeafa9656a,2,0.00664111319929361,0.020918395370245,0.635782778263092,0.0205603428184986,0.316097408533096,0.972440529614687,2,AUTO_REPORT,3216
0a09aa7356c0,2,0.727492272853851,0.0731317922472954,0.101241074502468,0.0763392299413681,0.0217955801635981,0.199375884607434,2,ESCALATE,2588
0a38b552372d,0,0.921224236488342,0.0077994717285037,0.0281095001846552,0.00834790896624327,0.0345189534127712,0.0709763625636697,2,ESCALATE,1050
0ac436400db4,2,0.011685892008245,0.0624395459890366,0.525470912456512,0.349041074514389,0.0513625964522362,0.925874583423138,2,ESCALATE,1504
0afbeeef0ff7,0,0.70121556520462,0.128320753574371,0.0829051211476326,0.0485492274165154,0.0390093475580215,0.170463696122169,2,ESCALATE,1050
0b64a0a06f9a,0,0.468909800052643,0.252745628356934,0.121239058673382,0.0636279955506325,0.0934774726629257,0.27834452688694,2,ESCALATE,819
0babc12807b2,0,0.0332548953592777,0.702380955219269,0.175123155117035,0.0371415056288242,0.0520994402468204,0.26436410099268,2,ESCALATE,2416
0c38940e1f80,0,0.94970840215683,0.0111411353573203,0.0128627521917224,0.0146702919155359,0.0116174472495914,0.0391504913568497,2,ESCALATE,819
0cbcc7b23613,0,0.828052163124084,0.0347207486629486,0.053461953997612,0.0422320552170277,0.0415330305695534,0.137227039784193,2,ESCALATE,2588
0d310aba6373,1,0.17552861571312,0.0882305800914764,0.375722467899323,0.110565550625324,0.249952808022499,0.736240826547146,2,ESCALATE,2588
0dbe6c26cedc,0,0.991382896900177,0.00184889615047723,0.00179635512176901,0.00280258571729064,0.00216939416714013,0.00676833500619978,2,ESCALATE,819
0e3572b5884a,0,0.863628625869751,0.0226709060370922,0.0337151773273945,0.0228623561561108,0.0571229495108128,0.113700482994318,2,ESCALATE,1050
0fd16b64697e,2,0.000886068679392338,0.00188980740495026,0.260528355836868,0.633955061435699,0.102740727365017,0.997224144637585,2,AUTO_REPORT,1844
1002b5151b8e,0,0.961732983589172,0.00565631641075015,0.0125135034322739,0.0103210462257266,0.00977607257664204,0.0326106222346425,2,ESCALATE,819
10fca1abf338,4,0.0177290011197329,0.0455546639859676,0.229534864425659,0.280139029026031,0.427042424678802,0.936716318130493,2,ESCALATE,1844
111898ab463d,1,0.0153510617092252,0.348294824361801,0.520634591579437,0.0811762735247612,0.0345432832837105,0.636354148387909,2,ESCALATE,2416
1124ffcd76c2,2,0.135859623551369,0.208065658807755,0.304330468177795,0.214193359017372,0.137550875544548,0.656074702739716,2,ESCALATE,3388
12025b34deb8,2,0.743252098560333,0.0312276147305965,0.0805583298206329,0.0762618184089661,0.0687000826001167,0.225520230829716,2,ESCALATE,2588
12058bbb8299,0,0.886279582977295,0.0272965058684349,0.0268913935869932,0.0212972834706306,0.0382351614534855,0.0864238385111094,2,ESCALATE,1050
12ab2f6397f0,0,0.713537156581879,0.106150969862938,0.0643387958407402,0.0522656552493572,0.0637073740363121,0.18031182512641,2,ESCALATE,1050
12b57dac703e,0,0.797765910625458,0.0377146378159523,0.0672299936413765,0.0790946409106255,0.0181948244571686,0.164519459009171,2,ESCALATE,2588
12ce6a1a1f31,1,0.172044694423676,0.414637565612793,0.280939429998398,0.0171910431236029,0.115187205374241,0.413317678496242,2,ESCALATE,2416
13073f075a56,0,0.91451358795166,0.0369989760220051,0.0188422314822674,0.0101251741871238,0.0195200573652983,0.0484874630346894,2,ESCALATE,1050
143db89c11c8,0,0.82435017824173,0.05705726146698,0.0652955025434494,0.0241899099200964,0.0291071608662605,0.118592573329806,2,ESCALATE,1050
14515b8f19b6,2,0.0595587603747845,0.0355357341468334,0.673039197921753,0.125336110591888,0.106530159711838,0.904905468225479,2,AUTO_REPORT,3216
14e3f84445f7,3,0.00188038812484592,0.0147034861147404,0.303979247808456,0.456317752599716,0.223119124770164,0.983416125178337,2,ESCALATE,1504
14ee87d6cc42,2,0.476080983877182,0.0648149847984314,0.183160841464996,0.161796644330025,0.114146485924721,0.459103971719742,2,ESCALATE,640
15bed5adde74,3,0.00639321142807603,0.00543061038479209,0.0207714010030031,0.192888617515564,0.7745161652565,0.988176183775067,2,ESCALATE,2896
15c24478ac72,0,0.951845526695251,0.0179041866213083,0.00747458450496197,0.00496951397508383,0.0178063604980707,0.0302504589781165,2,ESCALATE,1050
1601c939412f,0,0.902205467224121,0.0229931585490704,0.0192708559334278,0.0312011279165745,0.0243294350802898,0.0748014189302921,2,ESCALATE,1050
1608c82a263f,0,0.941966235637665,0.00898615270853043,0.0221991073340178,0.01848397962749,0.00836452469229698,0.0490476116538048,2,ESCALATE,2588
1632c4311fc9,2,0.0067502073943615,0.126740023493767,0.729793548583984,0.0812260285019875,0.0554902516305447,0.866509828716516,2,AUTO_REPORT,2416
1633f8291a80,0,0.862790703773499,0.0393245853483677,0.0507369227707386,0.0188838597387075,0.0282638818025589,0.097884664312005,2,ESCALATE,819
166068a24416,3,0.132193818688393,0.113575376570225,0.392305374145508,0.12723508477211,0.234690397977829,0.754230856895447,2,ESCALATE,2416
188a9323be03,2,0.0678000673651695,0.349768757820129,0.330271005630493,0.16840523481369,0.0837549269199371,0.58243116736412,2,ESCALATE,640
189cbbc9e5e3,0,0.976471841335297,0.00490470137447119,0.00544675812125206,0.00762922456488013,0.0055474154651165,0.0186233981512487,2,ESCALATE,2048
1968183f0e61,2,0.045034259557724,0.0685039460659027,0.500639021396637,0.124749757349491,0.261073023080826,0.886461801826954,2,ESCALATE,3216
197af0de76e2,0,0.775318443775177,0.0355874933302402,0.0567887835204601,0.043923269957304,0.0883820131421089,0.189094066619873,2,ESCALATE,1050
19ef4d292196,4,0.0240040346980095,0.065788134932518,0.286443710327148,0.0595135055482388,0.564250648021698,0.910207863897085,2,ESCALATE,1844
1a03a7970337,1,0.205235719680786,0.281139701604843,0.39596825838089,0.0450881011784077,0.0725682899355888,0.513624649494886,2,ESCALATE,2416
1a1b4b2450ca,2,0.0735646188259125,0.0858361348509789,0.520617663860321,0.255101054906845,0.0648805946111679,0.840599313378334,2,ESCALATE,3216
1a90fad9ffa2,4,0.0395002663135529,0.126629769802094,0.633768796920776,0.065224826335907,0.13487634062767,0.833869963884354,2,AUTO_REPORT,3388
1b32e1d775ea,4,0.0669040903449059,0.03401168435812,0.388729900121689,0.276280641555786,0.23407369852066,0.899084240198135,2,ESCALATE,1504
1b495ac025b7,3,0.00952501501888037,0.339038521051407,0.347800076007843,0.0844822004437447,0.219154253602028,0.651436530053616,2,ESCALATE,2416
1c3a6b4449e9,1,0.283808529376984,0.447415292263031,0.183679431676865,0.0519334599375725,0.0331633016467094,0.268776193261147,2,ESCALATE,2416
1c5ad36fb799,2,0.068770132958889,0.077011339366436,0.589730560779572,0.0453620739281178,0.219125896692276,0.854218531399965,2,ESCALATE,3216
1c7a013eeba7,0,0.861919641494751,0.0163585022091866,0.036010418087244,0.0545897707343102,0.0311216507107019,0.121721839532256,2,ESCALATE,1050
1c9521878baf,3,0.0148551650345325,0.142937123775482,0.495296388864517,0.24644547700882,0.100465826690197,0.842207692563534,2,ESCALATE,3216
1ca91751be4d,0,0.735941052436829,0.0487929619848728,0.0826191306114197,0.0778971686959267,0.0547496452927589,0.215265944600105,2,ESCALATE,1050
1caba2fb38f6,0,0.902423143386841,0.0244533717632294,0.0203063786029816,0.020750405266881,0.0320667177438736,0.0731235016137362,2,ESCALATE,1050
1dfe599d12a9,0,0.953554749488831,0.016611386090517,0.00469914125278592,0.00994480960071087,0.0151899605989456,0.0298339114524424,2,ESCALATE,819
1e4b3b823b95,2,0.320042431354523,0.0492706075310707,0.433870285749435,0.142536669969559,0.0542800202965736,0.630686976015568,2,ESCALATE,2588
1e8c31e29dd3,0,0.853391408920288,0.0639018788933754,0.0294293910264969,0.033754039555788,0.0195232778787613,0.0827067084610462,2,ESCALATE,1050
1f4bf8e28b41,2,0.0318737588822842,0.346650391817093,0.181980520486832,0.403526604175568,0.0359686575829983,0.621475782245398,2,ESCALATE,2416
200d947f75db,1,0.0671482160687447,0.434323608875275,0.404166996479034,0.0524324886500835,0.0419288091361523,0.49852829426527,2,ESCALATE,2144
20d5fdd450ae,4,0.030922731384635,0.174428105354309,0.11898060888052,0.051047757267952,0.624620735645294,0.794649101793766,2,ESCALATE,3216
20f86e068276,0,0.825073957443237,0.0396513156592846,0.0658638030290604,0.042781338095665,0.0266295466572046,0.13527468778193,2,ESCALATE,2588
2131aa3a1e6f,2,0.0765716806054115,0.144023984670639,0.516950607299805,0.135070830583572,0.127382874488831,0.779404312372208,2,ESCALATE,1844
217dad18a5ed,2,0.029062582179904,0.0114226574078202,0.200163692235947,0.184512987732887,0.574838042259216,0.95951472222805,2,ESCALATE,3388
21d18b022429,4,0.570962846279144,0.0980484485626221,0.117853932082653,0.170566603541374,0.0425681583583355,0.330988693982363,2,ESCALATE,2588
23175b7ef453,2,0.0659702718257904,0.079504631459713,0.470544725656509,0.297148287296295,0.0868321359157562,0.854525148868561,2,ESCALATE,3216
2376e5415458,2,0.700614452362061,0.0279162786900997,0.178571715950966,0.0503870956599712,0.0425103716552258,0.271469183266163,2,ESCALATE,2588
239f2c348ea4,2,0.151380375027657,0.0342143960297108,0.363126069307327,0.386483162641525,0.0647960379719734,0.814405269920826,2,ESCALATE,2588
242fc19be06f,0,0.665315926074982,0.166526034474373,0.100500889122486,0.0406301915645599,0.0270270071923733,0.168158087879419,2,ESCALATE,1050
24b943fe725e,1,0.168242052197456,0.191257238388062,0.457242339849472,0.08552385866642,0.0977345034480095,0.640500701963902,2,ESCALATE,1844
253e96488cfb,0,0.252031117677689,0.226540490984917,0.443395525217056,0.019120529294014,0.0589124001562595,0.52142845466733,2,ESCALATE,2416
259d30f693b6,1,0.61153507232666,0.166855782270432,0.0986266136169434,0.0642987713217735,0.0586838275194168,0.221609212458134,2,ESCALATE,1050
25e9fd872182,1,0.288388818502426,0.36525559425354,0.253996253013611,0.0447977781295776,0.0475615449249744,0.346355576068163,2,ESCALATE,2416
260a455692b5,0,0.678830325603485,0.0241829548031092,0.105844609439373,0.0879211723804474,0.103220842778683,0.296986624598503,2,ESCALATE,2048
26cd40b57ad1,0,0.919631659984589,0.0229255985468626,0.0219384785741568,0.0131988311186433,0.022305391728878,0.0574427014216781,2,ESCALATE,1050
26fc2358a38d,0,0.844422101974487,0.0508513003587723,0.0378102883696556,0.0304879974573851,0.0364283099770546,0.104726595804095,2,ESCALATE,1050
27bab1432f61,2,0.186293438076973,0.0714196488261223,0.303634434938431,0.175637513399124,0.263014942407608,0.742286890745163,2,ESCALATE,2416
27f82ada84ac,0,0.838020503520966,0.0339363738894463,0.106333754956722,0.0148215088993311,0.00688781542703509,0.128043079283088,2,ESCALATE,819
2821998fc002,0,0.934702038764954,0.0193422064185143,0.0183000881224871,0.0139333428815007,0.0137222586199641,0.0459556896239519,2,ESCALATE,1050
28751f290ba3,0,0.918940782546997,0.010874698869884,0.0461951605975628,0.00680095329880714,0.0171884205192327,0.0701845344156027,2,ESCALATE,1050
28f73575e1f2,0,0.951070368289948,0.00959660205990076,0.00959998834878206,0.013498330488801,0.0162345636636019,0.0393328825011849,2,ESCALATE,819
28f98cfe3858,1,0.508403956890106,0.159641608595848,0.160603851079941,0.109482802450657,0.0618677847087383,0.331954438239336,2,ESCALATE,3388
29192375ab1b,0,0.764846742153168,0.106045484542847,0.0728761181235313,0.0342725515365601,0.0219591222703457,0.129107791930437,2,ESCALATE,1050
291e2ff3d834,2,0.00492891948670149,0.0576210767030716,0.122244760394096,0.744015514850616,0.0711896792054176,0.93744995445013,2,AUTO_REPORT,2416
295fdc964f6e,2,0.108232200145721,0.369572997093201,0.295611321926117,0.178497493267059,0.048085980117321,0.522194795310497,2,ESCALATE,2416
2994f17f58a5,1,0.15458008646965,0.192466363310814,0.468248754739761,0.0867270529270172,0.0979778170585632,0.652953624725342,2,ESCALATE,2416
29d059522fa1,0,0.865347504615784,0.0417308174073696,0.0364681631326675,0.0333085916936398,0.0231449156999588,0.0929216705262661,2,ESCALATE,1050
2a099b247b10,2,0.199880704283714,0.00435628462582827,0.104717247188091,0.330649226903915,0.360396564006805,0.795763038098812,2,ESCALATE,1050
2a7373eeb352,0,0.856530487537384,0.0731199979782104,0.0390071608126163,0.0206476617604494,0.0106945745646954,0.0703493971377611,2,ESCALATE,819
2b10f138e67d,0,0.878777325153351,0.0192599501460791,0.0357803292572498,0.037577249109745,0.0286051537841558,0.101962732151151,2,ESCALATE,819
2b2f5a0f880d,0,0.983203291893005,0.00414880877360702,0.00439533730968833,0.00666647078469396,0.00158607040066272,0.012647878495045,2,ESCALATE,2048
2bb063318cf1,3,0.191412940621376,0.0554811954498291,0.596976459026337,0.0957250520586967,0.0604043081402779,0.753105819225311,2,ESCALATE,3216
2bbd1f99ecc3,3,0.123925045132637,0.124743826687336,0.466021299362183,0.193886980414391,0.0914228335022926,0.751331113278866,2,ESCALATE,2896
2d04cead4d3a,0,0.984154343605042,0.00454356707632542,0.00378715991973877,0.00407087197527289,0.00344394473358989,0.0113019766286016,2,ESCALATE,2048
2d9d97a6e713,1,0.139157816767693,0.359684556722641,0.295984864234924,0.133982717990875,0.0711900442838669,0.501157626509666,2,ESCALATE,2416
2f284b6a1940,4,0.00351508310995996,0.048474133014679,0.0605939142405987,0.11802264302969,0.769394218921661,0.94801077619195,2,ESCALATE,2416
2f42e20db938,3,0.118508614599705,0.0303812827914953,0.164050295948982,0.321145325899124,0.365914523601532,0.851110145449638,2,ESCALATE,2588
2fde69f20585,4,0.014731083996594,0.0141906859353185,0.0522168874740601,0.479202270507812,0.439659118652344,0.971078276634216,2,ESCALATE,4288
3132556f5352,0,0.796943724155426,0.0810253694653511,0.0578478947281837,0.0476012527942657,0.0165817346423864,0.122030882164836,2,ESCALATE,1050
32ed318235b8,0,0.944180130958557,0.0140506103634834,0.0109856426715851,0.0117010222747922,0.019082659855485,0.0417693248018622,2,ESCALATE,1050
331121c65e88,0,0.944346606731415,0.0205409117043018,0.012618038803339,0.0147654376924038,0.00772904325276613,0.0351125197485089,2,ESCALATE,2048
3428230bf1bd,2,0.038736779242754,0.255608856678009,0.618715345859528,0.0465459264814854,0.0403930470347404,0.705654319375753,2,AUTO_REPORT,2416
3461dc601cc2,1,0.29947629570961,0.0675517171621323,0.393168658018112,0.124058976769447,0.115744359791279,0.632971994578838,2,ESCALATE,2588
348598d01e18,0,0.779651641845703,0.0516483150422573,0.05445746332407,0.0426344349980354,0.0716082453727722,0.168700143694878,2,ESCALATE,1050
35aa7f5c2ec0,1,0.0979532897472382,0.0427490510046482,0.691786110401154,0.0782959759235382,0.0892155170440674,0.859297603368759,2,AUTO_REPORT,2416
35df2bc6ae95,0,0.862684607505798,0.0382783859968185,0.0309346802532673,0.0367367118597031,0.0313655659556389,0.0990369580686092,2,ESCALATE,1050
384631079d1e,1,0.124701350927353,0.275185376405716,0.425935685634613,0.118152052164078,0.0560255460441113,0.600113283842802,2,ESCALATE,3388
388279491b5d,0,0.933297634124756,0.0246156416833401,0.0170873403549194,0.0156921781599522,0.00930730998516083,0.0420868285000324,2,ESCALATE,2048
3a643599f852,0,0.829799950122833,0.113759636878967,0.0261997114866972,0.0194897335022688,0.0107509614899755,0.0564404064789414,2,ESCALATE,2048
3a6e9730b298,4,0.317381739616394,0.220903933048248,0.230688020586967,0.193399325013161,0.0376269742846489,0.461714319884777,2,ESCALATE,2588
3b10191dfd25,0,0.870474636554718,0.0322650633752346,0.0315851010382175,0.0367811135947704,0.0288940370082855,0.0972602516412735,2,ESCALATE,819
3b185ac445d0,4,0.00263721193186939,0.0269793719053268,0.375496804714203,0.173796579241753,0.42109003663063,0.970383420586586,2,ESCALATE,640
3b5dffe159b6,0,0.914012372493744,0.0277776978909969,0.0211399588733912,0.0114590469747782,0.0256108585745096,0.0582098644226789,2,ESCALATE,1050
3b9817a39adf,0,0.940071821212769,0.0151003999635577,0.0182594172656536,0.00770348403602839,0.0188648458570242,0.0448277471587062,2,ESCALATE,1050
3bf2deaa5ef0,0,0.913681447505951,0.0197690539062023,0.0180150885134935,0.0164276584982872,0.032106839120388,0.0665495861321688,2,ESCALATE,1050
3c326543fff6,0,0.820493161678314,0.0416036732494831,0.069047175347805,0.0452962704002857,0.0235597360879183,0.137903181836009,2,ESCALATE,2048
3c42512c81e0,0,0.83500599861145,0.0464743040502071,0.0353243947029114,0.0190248396247625,0.0641703754663467,0.118519609794021,2,ESCALATE,1050
3c9529918097,0,0.782673001289368,0.0537952482700348,0.0349697954952717,0.0657176300883293,0.0628442168235779,0.163531642407179,2,ESCALATE,1050
3ca637fddd56,4,0.00737735209986567,0.0151090696454048,0.349003940820694,0.167456090450287,0.4610535800457,0.977513611316681,2,ESCALATE,1504
3ccf96c1dd6d,4,0.0484104454517365,0.0606341809034348,0.443610310554504,0.105214938521385,0.342130124568939,0.890955373644829,2,ESCALATE,3216
3d3e288d490e,2,0.0804679393768311,0.106043674051762,0.364105522632599,0.201960355043411,0.247422531247139,0.813488408923149,2,ESCALATE,2896
3dec415b188a,0,0.874836623668671,0.030939357355237,0.0354239642620087,0.0315158851444721,0.0272842533886433,0.0942241027951241,2,ESCALATE,1050
3e1f8fecb06f,2,0.0303861666470766,0.0288893636316061,0.585010468959808,0.116414785385132,0.239299237728119,0.940724492073059,2,ESCALATE,1504
3e61703b5ab2,0,0.926819384098053,0.0246937181800604,0.0135603463277221,0.0212006438523531,0.0137258972972631,0.0484868874773383,2,ESCALATE,2048
3f5b4c2948e8,2,0.459417462348938,0.258706539869308,0.105441242456436,0.123292572796345,0.0531421639025211,0.281875979155302,2,ESCALATE,1050
3f6c627e2ff2,0,0.795320928096771,0.061850979924202,0.0611854232847691,0.0499584600329399,0.0316842943429947,0.142828177660704,2,ESCALATE,1050
3fc219927a97,2,0.0243507344275713,0.410221964120865,0.47080010175705,0.0848588794469833,0.009768339805305,0.565427321009338,2,ESCALATE,2416
405085b53d7b,0,0.923005104064941,0.0187555570155382,0.00878679193556309,0.0125836525112391,0.0368688739836216,0.0582393184304237,2,ESCALATE,1050
41960d5f58c2,0,0.496837705373764,0.265841573476791,0.098529115319252,0.0571665056049824,0.0816250294446945,0.237320650368929,2,ESCALATE,2588
41ab357d103f,0,0.941723585128784,0.0207658857107162,0.0102644544094801,0.0170196406543255,0.0102264564484358,0.0375105515122414,2,ESCALATE,819
423abbaa5fad,2,0.0483378283679485,0.0441908724606037,0.404834628105164,0.0956128835678101,0.407023787498474,0.907471299171448,2,ESCALATE,3216
4242c0d87f57,2,0.177068710327148,0.0705949887633324,0.332675278186798,0.336665540933609,0.0829954743385315,0.752336293458939,2,ESCALATE,2588
435414ccccf7,0,0.974479258060455,0.00570373283699155,0.00634379731491208,0.00960014760494232,0.00387313053943217,0.0198170754592866,2,ESCALATE,2048
436e1793d240,2,0.481588780879974,0.136069491505623,0.238613873720169,0.122299857437611,0.0214280355721712,0.382341766729951,2,ESCALATE,2588
43bc7c066dfb,0,0.737203001976013,0.0575959607958794,0.0702023878693581,0.0606622137129307,0.0743364095687866,0.205201011151075,2,ESCALATE,1050
44271f3cb18f,0,0.908840835094452,0.0128958271816373,0.0431094765663147,0.0235046800225973,0.0116492193192244,0.0782633759081364,2,ESCALATE,819
4462fba1d2a1,4,0.0032810396514833,0.0799834057688713,0.673175275325775,0.152216523885727,0.0913437753915787,0.916735574603081,2,AUTO_REPORT,3216
44976c3b11a6,0,0.874846816062927,0.0281704626977444,0.0337537340819836,0.0523895733058453,0.0108393710106611,0.09698267839849,2,ESCALATE,2588
44a4d04162cc,0,0.891226232051849,0.0311044678092003,0.0388429872691631,0.0212591234594584,0.0175671856850386,0.07766929641366,2,ESCALATE,1050
44a86263117b,0,0.833042323589325,0.0437054336071014,0.0409795306622982,0.0416283793747425,0.0406443029642105,0.123252213001251,2,ESCALATE,1050
4554062fa836,0,0.814789950847626,0.0705144926905632,0.0763869732618332,0.0233874954283237,0.0149210644885898,0.114695533178747,2,ESCALATE,2588
45e4b7eada54,1,0.507298409938812,0.173933923244476,0.16682830452919,0.110076054930687,0.0418632961809635,0.318767655640841,2,ESCALATE,2416
46923eea9a4e,2,0.0228505842387676,0.216965854167938,0.457486271858215,0.087818056344986,0.214879229664803,0.760183557868004,2,ESCALATE,2416
46cdc8b685bd,4,0.231953561306,0.0946167707443237,0.532238185405731,0.0723718032240868,0.0688196942210197,0.673429682850838,2,ESCALATE,3216
46f56c38051f,2,0.00726630818098783,0.0261936970055103,0.265365660190582,0.169942498207092,0.531231880187988,0.966540038585663,2,ESCALATE,3388
47d1603a555b,1,0.115206062793732,0.182939603924751,0.513579607009888,0.120770201086998,0.0675045847892761,0.701854392886162,2,ESCALATE,2416
4818672273af,2,0.156105548143387,0.102433159947395,0.497725158929825,0.0898750647902489,0.153861090540886,0.74146131426096,2,ESCALATE,3388
48afe8c47454,2,0.00367748131975532,0.0941227152943611,0.298124879598618,0.474236011505127,0.129838898777962,0.902199789881706,2,ESCALATE,3216
493d99f030e2,0,0.878233671188354,0.037110973149538,0.0528798289597034,0.024888601154089,0.00688695441931486,0.0846553845331073,2,ESCALATE,2588
4a05f81b3aba,0,0.836383759975433,0.0626836642622948,0.0393065884709358,0.0514696016907692,0.0101564629003406,0.100932653062046,2,ESCALATE,819
4b6895d0cf8d,0,0.539744198322296,0.126922577619553,0.231013357639313,0.0786762982606888,0.0236435495316982,0.3333332054317,2,ESCALATE,819
4c129470cec4,1,0.0658702477812767,0.208278596401215,0.58504319190979,0.0972840860486031,0.0435238890349865,0.72585116699338,2,ESCALATE,2416
4c635a01593d,0,0.906537473201752,0.0203543119132519,0.0269163381308317,0.0288309250026941,0.0173609685152769,0.0731082316488028,2,ESCALATE,2048
4c6c5a1bf5ab,0,0.761196255683899,0.119792491197586,0.0458032712340355,0.0563993193209171,0.0168086420744658,0.119011232629418,2,ESCALATE,819
4ccee4db09b6,0,0.899196803569794,0.01781315356493,0.0295938011258841,0.0159095246344805,0.0374866276979446,0.0829899534583092,2,ESCALATE,2048
4ce74e5eb51d,2,0.0304220970720053,0.108706533908844,0.503219485282898,0.163223206996918,0.194428637623787,0.860871329903603,2,ESCALATE,3216
4d1e7def7624,0,0.646621406078339,0.0853663384914398,0.236398428678513,0.0103593003004789,0.0212545972317457,0.268012326210737,2,ESCALATE,2588
4dbce359d0e1,2,0.00546848447993398,0.179819956421852,0.653558254241943,0.141972780227661,0.019180528819561,0.814711563289165,2,AUTO_REPORT,3388
4dd5d5ccddcf,1,0.203879967331886,0.177502438426018,0.424344122409821,0.140814200043678,0.0534592047333717,0.618617527186871,2,ESCALATE,2416
4e85aa647534,0,0.920543372631073,0.0271869953721762,0.0249415691941977,0.0158941131085157,0.0114339701831341,0.0522696524858475,2,ESCALATE,819
4eabad7948cf,0,0.969028651714325,0.0108916694298387,0.00614545913413167,0.00998930633068085,0.00394478160887957,0.0200795470736921,2,ESCALATE,2048
4ed31cc07366,2,0.142946809530258,0.0636618360877037,0.496841013431549,0.156058311462402,0.140492111444473,0.793391436338425,2,ESCALATE,3216
4ef0b485a7da,2,0.365379244089127,0.24048039317131,0.154242277145386,0.133409172296524,0.106488928198814,0.394140377640724,2,ESCALATE,1050
4faf4063db8c,0,0.796542465686798,0.0414146818220615,0.0595109164714813,0.0495288707315922,0.053003054112196,0.162042841315269,2,ESCALATE,1050
504a69096fcb,0,0.815924286842346,0.0556215532124043,0.0454389713704586,0.0405928120017052,0.0424224399030209,0.128454223275185,2,ESCALATE,1050
50915e2329a1,0,0.912262737751007,0.0140099292621017,0.0142006184905767,0.0354987196624279,0.0240280218422413,0.0737273599952459,2,ESCALATE,2048
50d8249f7bc9,0,0.966230988502502,0.00409214152023196,0.0113200824707747,0.0118284486234188,0.00652824155986309,0.0296767726540565,2,ESCALATE,2048
51405d042000,2,0.00379846151918173,0.0115401986986399,0.466012805700302,0.127271428704262,0.391377091407776,0.98466132581234,2,ESCALATE,3216
519c6e8f78dc,0,0.947391092777252,0.0117290578782558,0.0182675234973431,0.0132843144237995,0.00932805798947811,0.0408798959106207,2,ESCALATE,2048
524f240e0c90,2,0.00755699817091227,0.0188325624912977,0.494694620370865,0.130299001932144,0.3486168384552,0.973610460758209,2,ESCALATE,3216
5264a54e1830,0,0.871486365795135,0.020610511302948,0.072021946310997,0.0317496098577976,0.00413162214681506,0.10790317831561,2,ESCALATE,819
5265dc9acdf8,2,0.0225302819162607,0.0215833559632301,0.637935280799866,0.158171564340591,0.159779533743858,0.955886378884315,2,AUTO_REPORT,3216
549381330191,0,0.681082308292389,0.115479364991188,0.0655885562300682,0.0681651830673218,0.069684661924839,0.203438401222229,2,ESCALATE,1050
54f57cf26126,0,0.953595042228699,0.011446294374764,0.00984714832156897,0.0125799234956503,0.0125315664336085,0.0349586382508278,2,ESCALATE,2048
55092c0071eb,2,0.0541828200221062,0.202773794531822,0.561373710632324,0.11914999037981,0.0625197216868401,0.743043422698975,2,ESCALATE,2416
55968f0e63c4,0,0.864218592643738,0.0230238772928715,0.0260097179561853,0.0412254855036736,0.0455223955214024,0.112757598981261,2,ESCALATE,1050
55eac26bd383,1,0.03245585039258,0.807781040668488,0.131819039583206,0.0187611430883408,0.00918298028409481,0.159763162955642,2,ESCALATE,2416
55f7f018c61c,0,0.907833278179169,0.0212699621915817,0.0153282433748245,0.0519128292798996,0.00365559826605022,0.0708966709207743,2,ESCALATE,2588
58529a8638d0,2,0.098899744451046,0.0724876224994659,0.678814649581909,0.0873003676533699,0.062497653067112,0.828612670302391,2,AUTO_REPORT,3216
5905a9b06a73,2,0.0402555391192436,0.0107169011607766,0.761287033557892,0.150074690580368,0.0376659072935581,0.949027631431818,2,AUTO_REPORT,2588
5b47043942f4,0,0.894890129566193,0.0440111234784126,0.037999365478754,0.0132903158664703,0.00980902370065451,0.0610987050458789,2,ESCALATE,819
5b72ff04333d,1,0.154916614294052,0.39567369222641,0.292217403650284,0.0657325834035873,0.0914596989750862,0.449409686028957,2,ESCALATE,2416
5b76117c4bcb,4,0.0105683151632547,0.576834917068481,0.171394765377045,0.0771211758255959,0.164080858230591,0.412596799433231,2,ESCALATE,2416
5b804948e35f,1,0.691158056259155,0.109338574111462,0.0861363857984543,0.0623539686203003,0.0510130748152733,0.199503429234028,2,ESCALATE,819
5baed382f062,0,0.957112848758698,0.00830583460628986,0.0152741242200136,0.0113233188167214,0.00798396114259958,0.0345814041793346,2,ESCALATE,819
5bea250d8bf5,0,0.748906850814819,0.0171808060258627,0.0920264720916748,0.0723285973072052,0.0695572048425674,0.233912274241447,2,ESCALATE,1050
5d6239c0fd39,0,0.862125515937805,0.041314385831356,0.0289471801370382,0.0378697626292706,0.0297432597726583,0.0965602025389671,2,ESCALATE,1050
5d74f98d62be,4,0.000839056097902358,0.00577667541801929,0.348262339830399,0.167163833975792,0.477958083152771,0.993384256958961,2,ESCALATE,1844
5dc23e440de3,2,0.0216533672064543,0.0423716455698013,0.576672732830048,0.161535114049911,0.197767198085785,0.935975044965744,2,ESCALATE,3216
5de4615a5161,0,0.853287994861603,0.0346298553049564,0.0555009730160236,0.0265627112239599,0.0300184264779091,0.112082110717893,2,ESCALATE,1050
5eb311bcb5f9,2,0.210746198892593,0.0583235546946526,0.371089041233063,0.209785476326942,0.150055736303329,0.730930253863335,2,ESCALATE,1504
6061f5b7378d,3,0.133403688669205,0.0690857023000717,0.220830678939819,0.133734360337257,0.442945569753647,0.797510609030724,2,ESCALATE,2896
60edda7b4871,0,0.923357725143433,0.0120580587536097,0.0255603455007076,0.017233569175005,0.0217903833836317,0.0645842980593443,2,ESCALATE,2048
6155cf375354,0,0.894283771514893,0.0363196283578873,0.020978894084692,0.0188947580754757,0.0295230112969875,0.0693966634571552,2,ESCALATE,1050
6194e0fff071,4,0.035156037658453,0.0443862900137901,0.456777125597,0.0485187768936157,0.415161699056625,0.920457601547241,2,ESCALATE,1844
61ac9b0dc6b9,2,0.0116225481033325,0.0993369147181511,0.423025339841843,0.427844077348709,0.0381711907684803,0.889040607959032,2,ESCALATE,4288
61e301bd3c25,4,0.0652486681938171,0.132246121764183,0.415987849235535,0.270171731710434,0.116345621645451,0.802505202591419,2,ESCALATE,3388
63d217b059b6,2,0.498528182506561,0.141461446881294,0.191601350903511,0.0110501041635871,0.157358959317207,0.360010414384305,2,ESCALATE,2416
65e120143825,4,0.0310039762407541,0.300426363945007,0.425926387310028,0.0501778498291969,0.19246543943882,0.668569676578045,2,ESCALATE,2416
66393d8c60ba,0,0.888676702976227,0.0430229492485523,0.0188728831708431,0.0240496061742306,0.0253779254853725,0.0683004148304462,2,ESCALATE,1050
66460ecab347,0,0.90191513299942,0.0248968135565519,0.0317599028348923,0.0223538968712091,0.019074322655797,0.0731881223618984,2,ESCALATE,2048
6735931000ec,3,0.0414567738771439,0.0178501103073359,0.829193830490112,0.0673836693167686,0.0441155768930912,0.940693076699972,2,AUTO_REPORT,3216
6762b2b48ea5,1,0.0289632324129343,0.660480976104736,0.173001930117607,0.0627585649490356,0.0747953280806541,0.310555823147297,2,ESCALATE,2416
686ed1dbae20,2,0.0535345897078514,0.144383981823921,0.593463361263275,0.113228745758533,0.0953893512487411,0.80208145827055,2,ESCALATE,2144
69591ebb198d,2,0.0235464721918106,0.140385583043098,0.750101983547211,0.0333811305463314,0.0525847896933556,0.836067903786898,2,AUTO_REPORT,3216
6bb30ec3231a,0,0.919383943080902,0.0264186654239893,0.0164986252784729,0.01863151229918,0.019067270681262,0.0541974082589149,2,ESCALATE,1050
6c2555a9cae4,2,0.0579968579113483,0.358900606632233,0.306809961795807,0.176379278302193,0.0999133735895157,0.583102613687515,2,ESCALATE,2416
6c9c902a97de,0,0.776873826980591,0.0891561061143875,0.0637730583548546,0.051525454968214,0.0186715684831142,0.133970081806183,2,ESCALATE,1050
6cb96a6fb029,0,0.961253583431244,0.0197030510753393,0.00863611791282892,0.00606850767508149,0.0043388637714088,0.0190434893593192,2,ESCALATE,2048
6cb98da77e3e,2,0.0778289139270782,0.0679988116025925,0.481640756130219,0.313964396715164,0.0585671737790108,0.854172326624393,2,ESCALATE,1504
6cdd0f985270,1,0.0671360716223717,0.208137959241867,0.349259257316589,0.24281869828701,0.132648020982742,0.724725976586342,2,ESCALATE,4288
6d259b5b4c76,4,0.0590788647532463,0.126520678400993,0.583296060562134,0.106006763875484,0.125097572803497,0.814400397241116,2,ESCALATE,3388
6d292ca4c9ad,1,0.214852556586266,0.27633261680603,0.406885623931885,0.0717133432626724,0.0302158314734697,0.508814798668027,2,ESCALATE,2416
6d4f6c9a8406,0,0.801516234874725,0.0669950768351555,0.0371871925890446,0.0510718934237957,0.0432296171784401,0.13148870319128,2,ESCALATE,1050
6d6be4cfc73f,0,0.861410200595856,0.0419816970825195,0.0271243583410978,0.03652024269104,0.032963614910841,0.0966082159429789,2,ESCALATE,1050
6dc07f968794,0,0.826885998249054,0.0720936134457588,0.0333383157849312,0.037088755518198,0.0305932518094778,0.101020323112607,2,ESCALATE,1050
6e1db8711879,0,0.770548939704895,0.0151701429858804,0.0838369131088257,0.0224265549331903,0.108017481863499,0.214280949905515,2,ESCALATE,2048
6f3b62e5b7f5,0,0.614989399909973,0.144401684403419,0.120360925793648,0.063665546476841,0.0565824061632156,0.240608878433704,2,ESCALATE,819
6f4719c6bb4b,4,0.0818305462598801,0.0147845195606351,0.219571754336357,0.530604600906372,0.153208583593369,0.903384938836098,2,ESCALATE,2588
6fbaaf8eb67a,0,0.376050651073456,0.0672026500105858,0.408953130245209,0.11244673281908,0.0353468619287014,0.55674672499299,2,ESCALATE,819
6fe67482bfae,4,0.0174756031483412,0.0389213524758816,0.386394947767258,0.128260135650635,0.428947985172272,0.943603068590164,2,ESCALATE,3216
705f508d1e42,0,0.876225411891937,0.0295016653835773,0.0238586962223053,0.0273511447012424,0.0430631637573242,0.094273004680872,2,ESCALATE,1050
70ed3ec68b94,2,0.00155264989007264,0.0627495497465134,0.571563184261322,0.347260713577271,0.0168739352375269,0.935697833076119,2,ESCALATE,2416
710b05a96e0f,4,0.0322023183107376,0.205858632922173,0.138841941952705,0.0221305657178164,0.600966513156891,0.761939020827413,2,ESCALATE,4288
7179f85bfd6f,0,0.815840542316437,0.0830690264701843,0.0697886645793915,0.0218626745045185,0.00943896174430847,0.101090300828218,2,ESCALATE,819
7247a2c97f71,2,0.00792055949568748,0.606987595558167,0.329862296581268,0.0417333133518696,0.0134961577132344,0.385091767646372,2,ESCALATE,3216
72595230840c,3,0.000892152369488031,0.0099932998418808,0.0410033091902733,0.381726980209351,0.566384196281433,0.989114485681057,2,ESCALATE,2588
7269a1d84a57,0,0.752294182777405,0.0978517755866051,0.0727011635899544,0.0492763929069042,0.027876541018486,0.149854097515345,2,ESCALATE,2048
726dff37edc0,0,0.659619033336639,0.106289200484753,0.114304646849632,0.0462747886776924,0.0735123455524445,0.234091781079769,2,ESCALATE,819
72d98188648f,4,0.130414500832558,0.0884056240320206,0.453716248273849,0.187493816018105,0.139969855546951,0.781179919838905,2,ESCALATE,3388
7350c50667c5,2,0.241058021783829,0.297084510326385,0.1912592202425,0.198617905378342,0.0719802975654602,0.461857423186302,2,ESCALATE,2416
735836b1ffa6,0,0.00696252845227718,0.217908889055252,0.678133606910706,0.0472162142395973,0.0497787073254585,0.775128528475761,2,AUTO_REPORT,2416
73d40ce06a67,0,0.831810474395752,0.0650974810123444,0.0329910330474377,0.0307295639067888,0.0393715389072895,0.103092135861516,2,ESCALATE,1050
74211a2b6dcf,0,0.868283212184906,0.043390266597271,0.0439930930733681,0.0345954746007919,0.00973792374134064,0.0883264914155006,2,ESCALATE,2588
7455e2b5fc57,2,0.0512135289609432,0.118662185966969,0.651245951652527,0.0793829336762428,0.0994954258203506,0.83012431114912,2,AUTO_REPORT,3388
7526c59c36d3,0,0.793538868427277,0.107976794242859,0.051684495061636,0.0243391823023558,0.0224605556577444,0.0984842330217361,2,ESCALATE,1050
7569ac24762e,0,0.926257431507111,0.0112112006172538,0.017430242151022,0.0194255504757166,0.0256755016744137,0.0625312943011522,2,ESCALATE,2048
757e39293591,0,0.659757792949677,0.0763352960348129,0.0806640014052391,0.0862985849380493,0.096944235265255,0.263906821608543,2,ESCALATE,1050
760b6f4c6d82,2,0.0301209818571806,0.223761215806007,0.586503624916077,0.0853616967797279,0.0742525234818459,0.74611784517765,2,ESCALATE,2416
77a1f1398fdb,0,0.961652278900146,0.00788813084363937,0.0206339117139578,0.0090812910348177,0.000744456658139825,0.0304596594069153,2,ESCALATE,2588
77b7b71ebcc3,0,0.847548007965088,0.0406628288328648,0.0322968326508999,0.0397965013980865,0.0396958366036415,0.111789170652628,2,ESCALATE,1050
77baa08a1345,2,0.477039188146591,0.0576980225741863,0.257431745529175,0.159829586744308,0.0480014160275459,0.465262748301029,2,ESCALATE,2588
77e15f213b04,0,0.859427034854889,0.0391839444637299,0.0263887513428926,0.0324411652982235,0.0425590574741364,0.101388974115252,2,ESCALATE,2048
77f69c7ff324,2,0.377792656421661,0.027171591296792,0.361747711896896,0.121023491024971,0.112264476716518,0.595035679638386,2,ESCALATE,2588
780be525036d,0,0.911119818687439,0.0237769465893507,0.0283890720456839,0.0240471009165049,0.0126670887693763,0.065103261731565,2,ESCALATE,1050
78937523f7a8,0,0.954846501350403,0.0182522479444742,0.00827011372894049,0.0120544517412782,0.00657682307064533,0.026901388540864,2,ESCALATE,819
78b3f819dcc5,4,0.211348220705986,0.0339536517858505,0.331872493028641,0.0625944510102272,0.360231220722198,0.754698164761066,2,ESCALATE,2588
79540be95177,2,0.0873915553092957,0.149777248501778,0.611916601657867,0.0525075830519199,0.0984070301055908,0.762831214815378,2,AUTO_REPORT,3216
79ce83c07588,1,0.193757370114326,0.405712127685547,0.319339066743851,0.0492559373378754,0.0319354608654976,0.400530464947224,2,ESCALATE,2416
7a39c91416e2,0,0.841975271701813,0.0280648171901703,0.0391217060387135,0.0342180468142033,0.0566200986504555,0.129959851503372,2,ESCALATE,1050
7aabd768abff,0,0.835862457752228,0.0401668399572372,0.0959091335535049,0.017556706443429,0.0105047905817628,0.123970630578697,2,ESCALATE,2588
7bc00e58d419,0,0.847427248954773,0.0491178520023823,0.0284022819250822,0.0285201575607061,0.046532429754734,0.103454869240522,2,ESCALATE,1050
7d8f67cadc29,2,0.0861523374915123,0.179826438426971,0.361678898334503,0.097931832075119,0.274410486221313,0.734021216630936,2,ESCALATE,3216
7e77b61e1639,0,0.880418956279755,0.0349888727068901,0.0347532518208027,0.0246078930795193,0.0252310875803232,0.0845922324806452,2,ESCALATE,1050
7ed4128b2a4e,0,0.901574492454529,0.0238650254905224,0.0212792884558439,0.0199984591454268,0.0332826599478722,0.0745604075491428,2,ESCALATE,1050
7f0ffeb0a333,0,0.975751519203186,0.00302092847414315,0.013105888850987,0.0056442148052156,0.00247750035487115,0.0212276040110737,2,ESCALATE,2588
7fe7309d0b4f,0,0.905518472194672,0.0199467279016972,0.0156025942414999,0.016049861907959,0.0428824089467525,0.0745348650962114,2,ESCALATE,1050
810d3779abd9,3,0.00713265733793378,0.0473798736929893,0.150092974305153,0.710282146930695,0.0851123407483101,0.945487461984158,2,AUTO_REPORT,640
8114d6a160df,1,0.0445602424442768,0.124414883553982,0.427136272192001,0.335124552249908,0.0687639862298965,0.831024810671806,2,ESCALATE,4288
81371b0c01ad,0,0.809332728385925,0.0623751953244209,0.0654505118727684,0.0365775972604752,0.0262640677392483,0.128292176872492,0,AUTO_REPORT,819
835b9f6e12ba,0,0.724611341953278,0.0641270354390144,0.0509527213871479,0.0544365346431732,0.105872467160225,0.211261723190546,2,ESCALATE,1050
83fda7c0500b,0,0.920486330986023,0.0148250563070178,0.0382020622491837,0.015552275814116,0.0109343389049172,0.0646886769682169,2,ESCALATE,2588
840527bc6628,2,0.0061646462418139,0.0297200698405504,0.766016840934753,0.115564070641994,0.0825343579053879,0.964115269482136,2,AUTO_REPORT,3216
840a06a9c690,0,0.922468960285187,0.0263153202831745,0.0122582660987973,0.0222292523831129,0.0167282167822123,0.0512157352641225,2,ESCALATE,1050
84b4da14bc23,0,0.793002784252167,0.0880520343780518,0.0348551720380783,0.0462051592767239,0.0378848686814308,0.118945199996233,2,ESCALATE,1050
84e8c62165b5,2,0.0240572411566973,0.191557079553604,0.205299332737923,0.247310057282448,0.331776291131973,0.784385681152344,2,ESCALATE,3216
857002ed4e49,2,0.0061646462418139,0.0297200698405504,0.766016840934753,0.115564070641994,0.0825343579053879,0.964115269482136,2,AUTO_REPORT,3216
8676427e4625,1,0.0917349234223366,0.450745344161987,0.248044386506081,0.193345010280609,0.0161303617060184,0.457519758492708,2,ESCALATE,2588
8688f3d0fcaf,3,0.0747477784752846,0.0351464189589024,0.190563574433327,0.163269713521004,0.536272466182709,0.890105754137039,2,ESCALATE,1050
8693ab1fd2be,0,0.501687109470367,0.152440115809441,0.187725305557251,0.104587033390999,0.0535604357719421,0.345872774720192,2,ESCALATE,819
86d6808f0609,3,0.0032933612819761,0.0213882680982351,0.31960466504097,0.415708929300308,0.240004748106003,0.975318342447281,2,ESCALATE,2416
875a2fc5fe23,4,0.809453189373016,0.0313256047666073,0.0421195887029171,0.0424433462321758,0.0746582373976707,0.159221172332764,2,ESCALATE,2896
883c6a184f16,0,0.803487122058868,0.0496296435594559,0.0378358513116837,0.07113978266716,0.0379076525568962,0.14688328653574,2,ESCALATE,1050
8871e6a26596,2,0.158067941665649,0.193924903869629,0.455306053161621,0.084198921918869,0.108502149581909,0.648007124662399,2,ESCALATE,3216
887c26fc0e1f,4,0.291033267974854,0.0875772908329964,0.178342223167419,0.143379330635071,0.299667865037918,0.621389418840408,2,ESCALATE,3216
891392c9683c,2,0.398185312747955,0.076282300055027,0.285023629665375,0.115093521773815,0.125415280461311,0.525532431900501,2,ESCALATE,2588
89b725411cee,2,0.0568612702190876,0.187842294573784,0.61967921257019,0.0835444778203964,0.0520727783441544,0.755296468734741,2,AUTO_REPORT,2416
89d2a7403a06,2,0.00810215342789888,0.0389764197170734,0.168513253331184,0.775960445404053,0.00844772346317768,0.952921422198415,2,AUTO_REPORT,2588
8a8a251770cd,0,0.927924394607544,0.0201997142285109,0.0113175436854362,0.0216577481478453,0.018900640308857,0.0518759321421385,2,ESCALATE,1050
8b568d47a1fd,0,0.887314260005951,0.0336881019175053,0.0198011640459299,0.0269948467612267,0.0322016142308712,0.0789976250380278,2,ESCALATE,1050
8b76c3c5cb3e,3,0.00115364918019623,0.00944679137319326,0.134947702288628,0.592586755752563,0.261865139007568,0.989399597048759,2,ESCALATE,2588
8c2f0f04e1ed,1,0.086549885571003,0.536706864833832,0.267063200473785,0.0433646030724049,0.0663154199719429,0.376743223518133,2,ESCALATE,2416
8cb6b5b2f19c,2,0.0125688025727868,0.0391919575631618,0.883719623088837,0.01148378290236,0.0530357174575329,0.94823912344873,2,AUTO_REPORT,3216
8dfa629ca74e,2,0.55744194984436,0.246007815003395,0.126293644309044,0.0312511064112186,0.0390054695308208,0.196550220251083,2,ESCALATE,1050
8ed586c43023,0,0.867435872554779,0.0465161986649036,0.0372988693416119,0.0276470519602299,0.0211019106209278,0.0860478319227695,2,ESCALATE,1050
8ef2eb8c51c4,1,0.0809629932045937,0.0841330289840698,0.662026464939117,0.0392695628106594,0.133608013391495,0.834904041141272,2,AUTO_REPORT,3216
8f318a978844,4,0.00301676569506526,0.00844134390354156,0.401328027248383,0.158121451735497,0.429092437028885,0.988541916012764,2,ESCALATE,1844
8f9819752ca0,0,0.927697777748108,0.0226263012737036,0.0133375376462936,0.0158772505819798,0.0204611551016569,0.0496759433299303,2,ESCALATE,1050
8ff2733f6aef,2,0.140157148241997,0.292681336402893,0.362336754798889,0.108915507793427,0.0959092304110527,0.567161493003368,2,ESCALATE,3388
90c982cc2d96,1,0.233178749680519,0.423479288816452,0.317680448293686,0.0153725612908602,0.0102889621630311,0.343341971747577,2,ESCALATE,2416
913490237ad4,3,0.0334344655275345,0.0178859308362007,0.0921248570084572,0.0773550868034363,0.779199659824371,0.948679603636265,2,ESCALATE,2588
91f3c4c1e72b,0,0.794712901115417,0.0579094737768173,0.110588170588017,0.0215643066912889,0.0152250835672021,0.147377560846508,2,ESCALATE,2588
922586d86cd8,0,0.866901934146881,0.0473551452159882,0.0350738130509853,0.0297025591135025,0.0209664572030306,0.0857428293675184,2,ESCALATE,1050
92b0d27fc0ec,2,0.0735646188259125,0.0858361348509789,0.520617663860321,0.255101054906845,0.0648805946111679,0.840599313378334,2,ESCALATE,3216
92d8a7c8e718,2,0.302644729614258,0.12507364153862,0.234252661466599,0.160291329026222,0.177737653255463,0.572281643748283,2,ESCALATE,2588
92d9e9f08709,1,0.160082057118416,0.197216257452965,0.581902623176575,0.0413199327886105,0.0194791704416275,0.642701726406813,2,ESCALATE,2896
937bc1b924b1,0,0.753405392169952,0.0316523686051369,0.0978682041168213,0.0643511041998863,0.0527228266000748,0.214942134916782,2,ESCALATE,1050
93802d1e3c41,0,0.777501463890076,0.0672590881586075,0.0239689853042364,0.0421438850462437,0.0891265496611595,0.15523942001164,2,ESCALATE,1050
94b9ccc73bb9,0,0.938624560832977,0.00545914517715573,0.021164720878005,0.0106680393218994,0.0240834169089794,0.0559161771088839,2,ESCALATE,819
962c0fc85e13,0,0.959972143173218,0.00926422793418169,0.00958802830427885,0.0150306522846222,0.00614499859511852,0.0307636791840196,2,ESCALATE,2048
969f92a390db,0,0.862597405910492,0.0230634324252605,0.0353793017566204,0.0340993814170361,0.0448604822158813,0.114339165389538,2,ESCALATE,1050
96ea316ed0ab,0,0.838760077953339,0.0417693518102169,0.0638942942023277,0.0300398133695126,0.0255364235490561,0.119470531120896,2,ESCALATE,819
974c7d7b9c64,0,0.856199622154236,0.0150691419839859,0.0399938672780991,0.0302189383655787,0.0585183501243591,0.128731155768037,2,ESCALATE,1050
97fdee242fea,0,0.859818339347839,0.0491329170763493,0.0592429116368294,0.0250215791165829,0.00678424071520567,0.0910487314686179,2,ESCALATE,819
98104c8c67eb,2,0.0269666071981192,0.108191646635532,0.658231735229492,0.0991832166910172,0.107426807284355,0.864841759204865,2,AUTO_REPORT,2416
9878db94d9f3,3,0.0155929159373045,0.00478213280439377,0.0876334235072136,0.840526461601257,0.0514650568366051,0.979624941945076,2,AUTO_REPORT,2896
98d41bce73a8,0,0.925597310066223,0.0297238100320101,0.0160862728953362,0.0200338941067457,0.00855888146907091,0.0446790484711528,2,ESCALATE,2048
996f57c86ba5,3,0.000272910489002243,0.00298916804604232,0.33178898692131,0.428693205118179,0.236255720257759,0.996737912297249,2,ESCALATE,2144
996f9bba4ef0,0,0.865420937538147,0.0361681059002876,0.0237883143126965,0.0317815691232681,0.0428411141037941,0.0984109975397587,2,ESCALATE,1050
99c6a123ed6a,0,0.742108345031738,0.0580977648496628,0.0634962916374207,0.0719903483986855,0.0643072500824928,0.199793890118599,2,ESCALATE,1050
9a56cfb980ec,0,0.957087278366089,0.0121005335822701,0.00647188303992152,0.0133660864084959,0.0109741734340787,0.0308121428824961,0,AUTO_REPORT,2048
9a78c6a7b1c2,2,0.0469367802143097,0.106620796024799,0.432834059000015,0.210665643215179,0.202942743897438,0.846442446112633,2,ESCALATE,2416
9a7bd084395e,2,0.190017953515053,0.0387553013861179,0.52115660905838,0.182396724820137,0.0676734000444412,0.771226733922958,2,ESCALATE,2588
9ae54843c69a,0,0.874888718128204,0.0262032244354486,0.0433119870722294,0.0439325347542763,0.011663468554616,0.0989079903811216,2,ESCALATE,2588
9b32e8ef0ca0,2,0.0519389994442463,0.419025361537933,0.367489457130432,0.0392077900469303,0.122338309884071,0.529035557061434,2,ESCALATE,2416
9b418ce42c13,2,0.179403945803642,0.157793402671814,0.357917904853821,0.148238494992256,0.156646192073822,0.662802591919899,2,ESCALATE,1504
9b7b6e4db1d5,2,0.56296706199646,0.0978620424866676,0.252661556005478,0.0628183409571648,0.0236909501254559,0.339170847088099,2,ESCALATE,1504
9b95d6203406,2,0.162129253149033,0.320891350507736,0.260183364152908,0.138839825987816,0.11795611679554,0.516979306936264,2,ESCALATE,640
9bbb6c455913,0,0.898285031318665,0.0382507666945457,0.0309371165931225,0.0180354528129101,0.0144915515556931,0.0634641209617257,2,ESCALATE,1050
9cf7c1349673,0,0.859087407588959,0.0694445893168449,0.0298653170466423,0.0241632144898176,0.0174394100904465,0.0714679416269064,2,ESCALATE,1050
9da74370835a,2,0.149500012397766,0.175290241837502,0.388869673013687,0.0925950407981873,0.193745091557503,0.675209805369377,2,ESCALATE,2416
9e99ae6ee7af,0,0.77065372467041,0.035921361297369,0.0758585333824158,0.0494125932455063,0.0681538134813309,0.193424940109253,2,ESCALATE,2048
9f37c98b8187,3,0.0217800922691822,0.210349902510643,0.181157037615776,0.338067024946213,0.248645901679993,0.767869964241982,2,ESCALATE,2588
9f436886e056,2,0.509000599384308,0.107718028128147,0.204993143677711,0.0385263003408909,0.139761954545975,0.383281398564577,2,ESCALATE,1050
9f5a8665cf2e,2,0.00131714437156916,0.0267721861600876,0.833050191402435,0.0501450560986996,0.0887153670191765,0.971910614520311,2,AUTO_REPORT,2416
a01024054596,1,0.165448874235153,0.416189312934875,0.164864957332611,0.190729215741158,0.0627676174044609,0.41836179047823,1,ESCALATE,2416
a07efb1ecfc0,0,0.941039204597473,0.013745647855103,0.0187584552913904,0.0151582639664412,0.0112983668223023,0.0452150860801339,2,ESCALATE,2048
a0e635689259,0,0.724228262901306,0.120241545140743,0.0830447599291801,0.0446360930800438,0.0278493631631136,0.155530216172338,2,ESCALATE,819
a19507501b40,2,0.370633751153946,0.112375594675541,0.322145015001297,0.136849865317345,0.0579957701265812,0.516990650445223,2,ESCALATE,3216
a19ecd0a706e,1,0.271350890398026,0.288171529769897,0.224310725927353,0.10085129737854,0.115315571427345,0.440477594733238,2,ESCALATE,2416
a1e236fbc863,0,0.765282332897186,0.143053904175758,0.0387702882289886,0.0380891598761082,0.0148042272776365,0.0916636753827333,2,ESCALATE,819
a2dff8dbc9f8,0,0.849742770195007,0.0525885447859764,0.0385944582521915,0.0440363585948944,0.015037857927382,0.0976686747744679,2,ESCALATE,2048
a30a143a53a3,0,0.867156386375427,0.0252709705382586,0.0498670637607574,0.0273457281291485,0.0303598083555698,0.107572600245476,2,ESCALATE,1050
a3132c8828e4,0,0.943920135498047,0.0232529193162918,0.0118889678269625,0.0088640321046114,0.0120739238336682,0.0328269237652421,2,ESCALATE,2048
a3706ce27869,2,0.826718628406525,0.0169371124356985,0.0648821219801903,0.0627011954784393,0.0287608932703733,0.156344210729003,2,ESCALATE,1050
a4d41c495666,2,0.516890823841095,0.108384817838669,0.247424393892288,0.106664091348648,0.0206358954310417,0.374724380671978,2,ESCALATE,2588
a56230242a95,2,0.112802393734455,0.140163838863373,0.434053033590317,0.162565380334854,0.150415331125259,0.74703374505043,2,ESCALATE,1504
a721efb1e049,2,0.00218877382576466,0.0279592629522085,0.639135420322418,0.144426062703133,0.186290472745895,0.969851955771446,2,AUTO_REPORT,3216
a73d012c4c38,0,0.906683444976807,0.0221675522625446,0.0167666003108025,0.0161626935005188,0.0382196791470051,0.0711489729583263,2,ESCALATE,1050
a7c10ca6c117,0,0.931008815765381,0.0152093563228846,0.0188581682741642,0.0243708156049252,0.0105528254061937,0.0537818092852831,2,ESCALATE,1050
a85cda5f725d,0,0.715177297592163,0.134098157286644,0.0336547940969467,0.073961153626442,0.0431085638701916,0.15072451159358,2,ESCALATE,1050
a879c3569552,2,0.00190018722787499,0.00470671663060784,0.0926538556814194,0.280952990055084,0.619786202907562,0.993393048644066,2,ESCALATE,3216
a8854768549f,0,0.966410875320435,0.0034037244040519,0.0101411547511816,0.0168359410017729,0.00320822605863214,0.0301853218115866,2,ESCALATE,2048
a8aed92940fb,0,0.920314908027649,0.0150639358907938,0.0268797725439072,0.019535455852747,0.0182059202343225,0.0646211486309767,2,ESCALATE,819
aa0afc41ed19,2,0.0940107256174088,0.195386871695518,0.548709809780121,0.0488681122660637,0.113024473190308,0.710602395236492,2,ESCALATE,2416
aa4407aab872,0,0.833963453769684,0.0948497578501701,0.0324870832264423,0.0208573173731565,0.0178422909229994,0.0711866915225983,2,ESCALATE,1050
aa6242f9e08c,0,0.902289211750031,0.0125033166259527,0.0517954081296921,0.0173095837235451,0.0161024779081345,0.0852074697613716,2,ESCALATE,2048
aa94cc4bfd84,0,0.773985683917999,0.0928638428449631,0.0669625774025917,0.0379269197583199,0.0282609350979328,0.133150432258844,2,ESCALATE,1050
aa9cfe639ef1,2,0.100161656737328,0.0815566554665565,0.598439514636993,0.108322814106941,0.111519336700439,0.818281665444374,2,ESCALATE,3388
aafb0c944f14,0,0.81369549036026,0.0746389478445053,0.0411697402596474,0.0324854850769043,0.0380103439092636,0.111665569245815,2,ESCALATE,1050
abe940882578,0,0.746539115905762,0.150079697370529,0.0546141676604748,0.0243070721626282,0.0244599189609289,0.103381158784032,0,AUTO_REPORT,1050
ac1667fac512,0,0.825742900371552,0.0827323868870735,0.0419299602508545,0.0357035733759403,0.0138911167159677,0.0915246503427625,2,ESCALATE,1050
ac2c814949f9,2,0.0199912525713444,0.0299527496099472,0.592734277248383,0.155266806483269,0.202054873108864,0.950055956840515,2,ESCALATE,3216
ac720570dd0f,2,0.401566743850708,0.367980569601059,0.17254014313221,0.0250735245645046,0.0328390747308731,0.230452742427588,2,ESCALATE,2588
ad1aa75d5630,0,0.782999634742737,0.0918675735592842,0.0502204522490501,0.0523673966526985,0.0225450024008751,0.125132851302624,0,AUTO_REPORT,2048
ae2c3f6312ef,0,0.802880048751831,0.0273570902645588,0.0469322539865971,0.028572078794241,0.0942585319280624,0.1697628647089,2,ESCALATE,1050
ae94ce412de9,0,0.678383827209473,0.0819993540644646,0.176481559872627,0.0405249558389187,0.0226103086024523,0.239616824313998,2,ESCALATE,2588
aeb6f4fd2eed,0,0.904188871383667,0.0444114096462727,0.0309583023190498,0.0138328820466995,0.00660853786394,0.0513997222296894,2,ESCALATE,2048
aed4e743c230,2,0.0842802748084068,0.299262404441833,0.50554370880127,0.0662083029747009,0.0447053052484989,0.616457317024469,2,ESCALATE,2416
aeed1f251ceb,4,0.0371228121221066,0.111789211630821,0.690203011035919,0.0603500455617905,0.100534930825233,0.851087987422943,2,AUTO_REPORT,3216
af5a0bc4e1fa,0,0.905564963817596,0.0294067244976759,0.0301898792386055,0.0192478261888027,0.0155906407162547,0.0650283461436629,2,ESCALATE,819
af6a1508cd95,0,0.585261344909668,0.0691609457135201,0.235283717513084,0.0585076622664928,0.0517863482236862,0.345577728003263,2,ESCALATE,2588
af8aa32beee4,2,0.00902670156210661,0.0577679574489594,0.181625321507454,0.373825579881668,0.377754420042038,0.93320532143116,2,ESCALATE,2416
b019a49787c1,3,0.116800993680954,0.0261714942753315,0.130436331033707,0.420686036348343,0.305905133485794,0.857027500867844,2,ESCALATE,2896
b0619ca93a5f,0,0.907892286777496,0.0168932154774666,0.0302460789680481,0.0226647090166807,0.0223037842661142,0.075214572250843,2,ESCALATE,1050
b0b3b16fc305,0,0.792176127433777,0.128589615225792,0.029107803478837,0.0191301368176937,0.0309963431209326,0.0792342834174633,2,ESCALATE,1050
b0cc9f8d06e4,2,0.223744690418243,0.205430805683136,0.380468010902405,0.12219962477684,0.0681569278240204,0.570824563503265,2,ESCALATE,3388
b13d72ceea26,2,0.0596419796347618,0.0310565549880266,0.542865693569183,0.204443901777267,0.161991879343987,0.909301474690437,2,ESCALATE,1504
b1c6f0997e27,0,0.647141218185425,0.141033798456192,0.10152292996645,0.0690204203128815,0.0412816777825356,0.211825028061867,0,AUTO_REPORT,1050
b21abe5d9722,0,0.917045116424561,0.0176324564963579,0.019743150100112,0.024600712582469,0.0209785420447588,0.0653224047273397,2,ESCALATE,819
b2748ac28fc1,2,0.0049662571400404,0.0497832335531712,0.732874870300293,0.067032054066658,0.145343616604805,0.945250540971756,2,AUTO_REPORT,4288
b3819a805dca,4,0.379797041416168,0.0133708827197552,0.452775895595551,0.140636563301086,0.0134196113795042,0.606832070276141,2,ESCALATE,2588
b402daa0864c,2,0.000318674050504342,0.0126602426171303,0.250182896852493,0.195937633514404,0.540900528430939,0.987021058797836,2,ESCALATE,3216
b56340f472d2,1,0.0301198959350586,0.463437795639038,0.453615933656693,0.0231775473803282,0.0296487882733345,0.506442269310355,2,ESCALATE,2416
b5bf7b84fc66,0,0.816846251487732,0.0415191240608692,0.0544762685894966,0.0306085254997015,0.0565499290823936,0.141634723171592,2,ESCALATE,1050
b5e6ae31493c,0,0.643858313560486,0.0945921987295151,0.0727921649813652,0.077545627951622,0.111211679875851,0.261549472808838,2,ESCALATE,1050
b6bf847fbcb2,0,0.720749497413635,0.0695759281516075,0.100229375064373,0.0779703855514526,0.0314748287200928,0.209674589335918,2,ESCALATE,1050
b7278b4f2448,1,0.191474080085754,0.228804096579552,0.470772743225098,0.0802562981843948,0.0286928750574589,0.579721916466951,2,ESCALATE,4288
b72a86d61959,0,0.7216796875,0.04418720677495,0.0882215350866318,0.0854912996292114,0.060420211404562,0.234133046120405,2,ESCALATE,1050
b82dfa63a75f,0,0.844065129756927,0.0356208421289921,0.0408179275691509,0.026922520250082,0.0525735653936863,0.120314013212919,2,ESCALATE,2048
b87f9c59748b,4,0.110343158245087,0.0551303401589394,0.480059832334518,0.0681755617260933,0.286291152238846,0.834526546299458,2,ESCALATE,2588
b8ebedd382de,1,0.0859246551990509,0.609157562255859,0.192559435963631,0.0616984404623508,0.0506599135696888,0.30491778999567,2,ESCALATE,2416
b92eacd1392a,0,0.833120703697205,0.0604862608015537,0.0273122005164623,0.0352454669773579,0.0438353717327118,0.106393039226532,2,ESCALATE,1050
b95d4dd8e5e2,2,0.00150252506136894,0.00235741236247122,0.549450993537903,0.0999686568975449,0.346720427274704,0.996140077710152,2,ESCALATE,3216
b960142a8de7,3,0.00502443360164762,0.0135354083031416,0.0678522810339928,0.376331895589828,0.537256002426147,0.981440179049969,2,ESCALATE,2896
b98f77098b9d,2,0.572339355945587,0.121391668915749,0.121252067387104,0.122922517359257,0.0620943270623684,0.306268911808729,2,ESCALATE,2588
b9c7c5182075,0,0.844714820384979,0.041300006210804,0.038611214607954,0.0272310078144073,0.0481429919600487,0.11398521438241,2,ESCALATE,1050
b9d0b83d70c3,0,0.962821125984192,0.0083617614582181,0.014183103106916,0.00671407207846642,0.00791982933878899,0.0288170045241714,2,ESCALATE,819
ba25f947f4ec,2,0.0733468756079674,0.232773587107658,0.409989297389984,0.165525540709496,0.118364743888378,0.693879581987858,2,ESCALATE,3216
baaca2f7e1f0,0,0.472570329904556,0.15603269636631,0.102738812565804,0.179306671023369,0.0893515571951866,0.371397040784359,2,ESCALATE,1050
bb11db08584a,1,0.0830335021018982,0.37453156709671,0.313830256462097,0.0526461154222488,0.17595861852169,0.542434990406036,2,ESCALATE,2416
bb2f89488ecd,0,0.818609118461609,0.0746049731969833,0.0442154295742512,0.0230813659727573,0.0394891053438187,0.106785900890827,2,ESCALATE,1050
bc34ed91c9bc,4,0.180893659591675,0.313760936260223,0.241185367107391,0.126494377851486,0.137665644288063,0.505345389246941,2,ESCALATE,3388
bd269a1f0e4d,1,0.0707416757941246,0.282057642936707,0.444744795560837,0.160205885767937,0.0422500632703304,0.647200744599104,2,ESCALATE,2416
bd375ba756b1,0,0.897459506988525,0.0393208488821983,0.0145709281787276,0.0303330235183239,0.0183157119899988,0.0632196636870503,2,ESCALATE,2048
bd5013540a13,4,0.115734405815601,0.0341442339122295,0.285070151090622,0.282811015844345,0.282240152359009,0.850121319293976,2,ESCALATE,1504
bde1063a5dd7,0,0.707535564899445,0.0487273298203945,0.147519007325172,0.0606431551277637,0.0355749316513538,0.24373709410429,2,ESCALATE,2588
be161517d3ac,2,0.179403945803642,0.157793402671814,0.357917904853821,0.148238494992256,0.156646192073822,0.662802591919899,2,ESCALATE,1504
be197b663520,0,0.697520196437836,0.139594897627831,0.072052851319313,0.054842371493578,0.0359897762537003,0.162884999066591,2,ESCALATE,1050
bed8296c8dfe,0,0.970693588256836,0.00502114091068506,0.00439155334606767,0.017243193462491,0.00265053403563797,0.0242852808441967,2,ESCALATE,2048
beeca5f14618,0,0.835340023040771,0.0567956939339638,0.0619258396327496,0.0268496554344893,0.0190888363867998,0.107864331454039,2,ESCALATE,819
bf6cbccacf39,0,0.978405058383942,0.00260902638547122,0.00440119532868266,0.00297733908519149,0.0116073731333017,0.0189859075471759,2,ESCALATE,819
bf87aedf2489,0,0.676622927188873,0.122303456068039,0.10410974919796,0.0677903890609741,0.0291734375059605,0.201073575764894,2,ESCALATE,1050
bfb578c0e8d8,0,0.944247424602509,0.0208908207714558,0.0163108222186565,0.0124096013605595,0.00614127377048135,0.0348616973496974,2,ESCALATE,2588
c027e5482e8c,1,0.0681416168808937,0.453729748725891,0.389754921197891,0.0448218062520027,0.0435519479215145,0.478128675371408,2,ESCALATE,2416
c0a117de7d0a,0,0.978692233562469,0.00490203686058521,0.0055710137821734,0.00711273262277246,0.00372184510342777,0.0164055915083736,2,ESCALATE,2048
c102db7634d8,1,0.487809419631958,0.206005662679672,0.134396955370903,0.118175841867924,0.0536121316254139,0.306184928864241,2,ESCALATE,4288
c1c8550508e0,2,0.0499033331871033,0.336839139461517,0.496470093727112,0.0579734593629837,0.0588139928877354,0.613257545977831,2,ESCALATE,3216
c25e02b39c01,0,0.760660648345947,0.0668098852038383,0.0692938566207886,0.0508615858852863,0.0523740537464619,0.172529496252537,2,ESCALATE,1050
c280730cc211,2,0.0257669202983379,0.13945646584034,0.473512768745422,0.0779508501291275,0.283312976360321,0.834776595234871,2,ESCALATE,2416
c2f3281cf528,0,0.837059259414673,0.0342917554080486,0.0255491901189089,0.0341445878148079,0.0689551085233688,0.128648886457086,2,ESCALATE,1050
c31651ea04c6,3,0.0526561923325062,0.0554984398186207,0.192181825637817,0.299496322870255,0.400167196989059,0.891845345497131,2,ESCALATE,2588
c373b73a80c8,0,0.934217929840088,0.0179139208048582,0.0148811545222998,0.0179178044199944,0.0150692034512758,0.0478681623935699,2,ESCALATE,2048
c3acf47700ea,2,0.00300981150940061,0.00853579770773649,0.150277599692345,0.301502645015717,0.53667414188385,0.988454386591911,2,ESCALATE,3388
c406325360b1,2,0.78812962770462,0.0691006630659103,0.0458392314612865,0.0559026934206486,0.0410278029739857,0.142769727855921,2,ESCALATE,1050
c48ae5da188e,2,0.142183139920235,0.0680961385369301,0.262310594320297,0.346324265003204,0.181085914373398,0.789720773696899,2,ESCALATE,3388
c56e65f74187,1,0.230060696601868,0.10222689807415,0.428557425737381,0.222421526908875,0.0167335011065006,0.667712453752756,2,ESCALATE,2588
c5b58cc992af,0,0.921840131282806,0.0263970214873552,0.0247663334012032,0.01789166405797,0.00910487119108438,0.0517628686502576,2,ESCALATE,819
c613db1cab27,2,0.00636249035596848,0.0485047176480293,0.877594649791718,0.0408915579319,0.0266465041786432,0.945132711902261,2,AUTO_REPORT,3216
c6229222bf22,0,0.814355671405792,0.0250801872462034,0.0378372110426426,0.0572178699076176,0.065509058535099,0.160564139485359,2,ESCALATE,1050
c6e1e9fbf39b,2,0.00838684942573309,0.0876435413956642,0.719041705131531,0.103724151849747,0.0812038406729698,0.903969697654247,2,AUTO_REPORT,2416
c7d0deb71576,0,0.74922251701355,0.0810494869947433,0.0559021644294262,0.0565752238035202,0.057250514626503,0.169727902859449,2,ESCALATE,1050
c7e827fc7f41,2,0.0071033202111721,0.177240923047066,0.444851189851761,0.300732403993607,0.070072166621685,0.815655760467052,2,ESCALATE,2416
c80f79579fed,2,0.0876466557383537,0.133773311972618,0.656972885131836,0.0542838834226131,0.0673232078552246,0.778579976409674,2,AUTO_REPORT,3216
c8905b8d5cf1,2,0.212070569396019,0.023475518450141,0.534748136997223,0.112877622246742,0.116828106343746,0.764453865587711,2,ESCALATE,2588
c9485c38fdd5,1,0.00824437011033297,0.0527868829667568,0.608519494533539,0.234900921583176,0.0955483242869377,0.938968740403652,2,AUTO_REPORT,2416
c97472ef2c66,0,0.915675044059753,0.0287760589271784,0.0206967368721962,0.024134062230587,0.0107181556522846,0.0555489547550678,2,ESCALATE,819
c98f623d08d1,0,0.793222606182098,0.0347145348787308,0.0441640242934227,0.029931565746665,0.0979673340916634,0.172062924131751,2,ESCALATE,1050
c9d42d7534e0,2,0.0221478268504143,0.295870721340179,0.333481103181839,0.264727890491486,0.0837724432349205,0.681981436908245,2,ESCALATE,2416
c9ea9d5eab65,3,0.00387114286422729,0.0567482449114323,0.79045307636261,0.0404387265443802,0.108488827943802,0.939380630850792,2,AUTO_REPORT,2416
c9f0dc2c8b43,2,0.00231400271877646,0.0302372556179762,0.283528208732605,0.552157461643219,0.131763055920601,0.967448726296425,2,ESCALATE,1504
ca7f5caddf96,2,0.622769117355347,0.123604737222195,0.116953529417515,0.0878447443246841,0.0488277450203896,0.253626018762589,2,ESCALATE,2588
cb602182cde3,2,0.111283652484417,0.137647852301598,0.426675051450729,0.204587623476982,0.119805783033371,0.751068457961082,2,ESCALATE,640
cd1c98ec48b1,0,0.701677143573761,0.115363784134388,0.0778805613517761,0.0795038193464279,0.0255746487528086,0.182959029451013,2,ESCALATE,1050
ce887b196c23,2,0.268506407737732,0.172425389289856,0.397026896476746,0.11679419875145,0.045247096568346,0.559068191796541,2,ESCALATE,1504
cec299c2a2d5,0,0.813703596591949,0.0244597755372524,0.0589005462825298,0.0828710496425629,0.0200649164617062,0.161836512386799,2,ESCALATE,2588
cf603a9ef2d5,1,0.0369859971106052,0.0968624427914619,0.565973937511444,0.166264533996582,0.133913084864616,0.866151556372643,2,ESCALATE,2416
cffc50047828,0,0.974330902099609,0.00665619317442179,0.00566541496664286,0.0047620958648622,0.00858535803854465,0.0190128688700497,2,ESCALATE,819
d10d315f123f,2,0.0964657515287399,0.191195830702782,0.369408160448074,0.276747167110443,0.066183015704155,0.712338343262672,2,ESCALATE,2416
d141728fa392,2,0.0358429402112961,0.101304195821285,0.547978758811951,0.108989074826241,0.205885082483292,0.862852916121483,2,ESCALATE,3388
d16e39b9d6f0,0,0.915226459503174,0.0287917852401733,0.015512659214437,0.022039782255888,0.0184293612837791,0.0559818027541041,2,ESCALATE,2048
d1a24527a15d,4,0.127993807196617,0.254989802837372,0.473424822092056,0.0588475950062275,0.0847439840435982,0.617016401141882,2,ESCALATE,2416
d1cad012a254,1,0.425885230302811,0.285038262605667,0.197653472423553,0.0730642154812813,0.0183588974177837,0.289076585322618,2,ESCALATE,2416
d27ac9e54901,0,0.838723421096802,0.0450537800788879,0.0270956717431545,0.0426310300827026,0.0464960560202599,0.116222757846117,2,ESCALATE,1050
d2afca74cbc3,0,0.972240507602692,0.00261209718883038,0.0147937200963497,0.00380337284877896,0.00655032740905881,0.0251474203541875,2,ESCALATE,819
d2cd47ed2c1d,0,0.921038329601288,0.0257390346378088,0.0275280643254519,0.0172960869967937,0.00839856266975403,0.0532227139919996,2,ESCALATE,819
d2d523e9f669,0,0.938433468341827,0.0185414012521505,0.0138285933062434,0.0192819014191628,0.00991459749639034,0.0430250922217965,2,ESCALATE,2048
d2ffe9287dc7,3,0.00184334150981158,0.00889222603291273,0.583133935928345,0.254261881113052,0.151868581771851,0.989264398813248,2,ESCALATE,3216
d364423ec6f9,2,0.169628709554672,0.131104335188866,0.34635928273201,0.284258127212524,0.0686495825648308,0.699266992509365,2,ESCALATE,3216
d3dfd0a2dee6,0,0.86421674489975,0.0211681667715311,0.0480240844190121,0.0304573364555836,0.0361336097121239,0.11461503058672,2,ESCALATE,2048
d436c06f0490,0,0.5037961602211,0.281381040811539,0.129183515906334,0.0685239136219025,0.0171154011040926,0.214822830632329,2,ESCALATE,1050
d5b4705ac2ee,1,0.82697194814682,0.0729624629020691,0.0461374260485172,0.0272139236330986,0.0267142448574305,0.100065594539046,2,ESCALATE,1050
d6228d951958,2,0.0718835666775703,0.0786711648106575,0.671982228755951,0.0762205719947815,0.101242445409298,0.84944524616003,2,AUTO_REPORT,3388
d844a7252f4e,0,0.564977407455444,0.107152685523033,0.253107011318207,0.0412513203918934,0.033511508256197,0.327869839966297,2,ESCALATE,3216
d866c26d76f0,0,0.967862665653229,0.00970227550715208,0.0035575907677412,0.00882223062217236,0.0100552327930927,0.0224350541830063,2,ESCALATE,2048
d871895742b1,0,0.972833156585693,0.00479112658649683,0.0123501690104604,0.00677920691668987,0.00324636464938521,0.0223757405765355,2,ESCALATE,2588
d91635f380b4,0,0.685419201850891,0.0473227612674236,0.0622531734406948,0.0683509260416031,0.136653900146484,0.267257999628782,2,ESCALATE,2048
d97911a32918,0,0.942082405090332,0.0119370939210057,0.0131201269105077,0.0158975720405579,0.0169627163559198,0.0459804153069854,2,ESCALATE,1050
d994203deb64,2,0.0210683681070805,0.139656946063042,0.284732192754745,0.499209523200989,0.0553329139947891,0.839274629950523,2,ESCALATE,2144
d99dd99be001,0,0.787664175033569,0.0698391571640968,0.053845252841711,0.0465192124247551,0.0421320572495461,0.142496522516012,2,ESCALATE,1050
d9a475dfe59a,2,0.00162452878430486,0.0514719448983669,0.204867720603943,0.0820510163903236,0.659984767436981,0.946903504431248,2,ESCALATE,2416
da1fb35f5df9,1,0.0991689562797546,0.239983424544334,0.479858458042145,0.0468000136315823,0.134189128875732,0.660847600549459,2,ESCALATE,2416
da3a2275c850,0,0.900048613548279,0.0249963793903589,0.0301801692694426,0.0239849239587784,0.0207898057997227,0.0749548990279436,2,ESCALATE,1050
da949aa67a4f,0,0.983725845813751,0.00428453367203474,0.00404452625662088,0.00323130376636982,0.00471376720815897,0.0119895972311497,2,ESCALATE,2048
db690e2d02f8,1,0.594185352325439,0.262182146310806,0.0759933739900589,0.0439001768827438,0.0237389840185642,0.143632534891367,2,ESCALATE,1050
dbb2c63f6f08,3,0.0355612151324749,0.0533613376319408,0.427497923374176,0.313402742147446,0.170176759362221,0.911077424883842,2,ESCALATE,640
dd110d2b8c21,2,0.0133154410868883,0.047433577477932,0.752955257892609,0.0556481145322323,0.130647554993629,0.93925092741847,2,AUTO_REPORT,3216
de2eb5c8aa83,0,0.629788637161255,0.132683902978897,0.0780899599194527,0.0788017883896828,0.0806357860565186,0.237527534365654,1,AUTO_REPORT,2048
de38adaae009,0,0.953665316104889,0.013190234079957,0.0194986835122108,0.0112231662496924,0.00242250855080783,0.0331443583127111,2,ESCALATE,2588
de730033c683,0,0.760437488555908,0.0406235940754414,0.0390543937683105,0.122421003878117,0.0374635234475136,0.198938921093941,2,ESCALATE,2588
dee31065f8fe,0,0.822234392166138,0.062773808836937,0.0389221794903278,0.0287608709186316,0.047308761626482,0.114991812035441,2,ESCALATE,1050
e067b06fd655,0,0.937557995319366,0.0114354444667697,0.0233075860887766,0.0187693629413843,0.0089296493679285,0.0510065983980894,2,ESCALATE,1050
e06cccc08c59,0,0.939439654350281,0.0272139087319374,0.0116734653711319,0.0119265327230096,0.00974652636796236,0.0333465244621038,2,ESCALATE,1050
e10190a9d52f,2,0.143492117524147,0.0447446815669537,0.68149197101593,0.0751315578818321,0.0551396869122982,0.811763215810061,2,AUTO_REPORT,3388
e1418d28d668,2,0.775915563106537,0.0255734473466873,0.0805516913533211,0.0842051431536674,0.0337541177868843,0.198510952293873,2,ESCALATE,2588
e1900014dabf,3,0.116173952817917,0.177818834781647,0.346720367670059,0.304813265800476,0.0544736012816429,0.706007234752178,2,ESCALATE,2416
e2161692a0b4,2,0.3875452876091,0.120713479816914,0.412855505943298,0.0562312267720699,0.0226545352488756,0.491741267964244,2,ESCALATE,2588
e229aca862c7,2,0.106035210192204,0.0373313575983047,0.327292650938034,0.0870568752288818,0.442283928394318,0.856633454561234,2,ESCALATE,3216
e23add229074,4,0.0106195863336325,0.0634338781237602,0.81953376531601,0.0206192024052143,0.0857935175299644,0.925946485251188,2,AUTO_REPORT,3216
e322acd46152,0,0.901461124420166,0.0081050219014287,0.0182834435254335,0.0109673542901874,0.0611829943954945,0.0904337922111154,2,ESCALATE,2048
e34fa07bd64d,2,0.00374253536574543,0.0143446614965796,0.624241232872009,0.124381117522717,0.233290493488312,0.981912843883038,2,AUTO_REPORT,1844
e4730ddde408,4,0.0158277042210102,0.0444609746336937,0.221261098980904,0.500344753265381,0.218105465173721,0.939711317420006,2,ESCALATE,3216
e47452069ea1,0,0.802434861660004,0.0672599300742149,0.0656974911689758,0.0439346209168434,0.020673057064414,0.130305169150233,2,ESCALATE,2048
e50b0174690d,0,0.694020986557007,0.129353433847427,0.0605101175606251,0.0805399939417839,0.0355755425989628,0.176625654101372,2,ESCALATE,1050
e55188915f9d,1,0.217081934213638,0.664817988872528,0.0747197344899178,0.0228916723281145,0.0204887818545103,0.118100188672543,2,ESCALATE,2416
e62490b7d0e9,4,0.0578818283975124,0.304824531078339,0.341804504394531,0.231619194149971,0.0638699159026146,0.637293614447117,2,ESCALATE,3216
e65a2ff90494,2,0.0183591991662979,0.56766951084137,0.265672445297241,0.0630231276154518,0.0852756574749947,0.413971230387688,2,ESCALATE,2416
e663c6627a95,2,0.011259869672358,0.214307174086571,0.663803577423096,0.0720899924635887,0.038539431989193,0.774433001875877,2,AUTO_REPORT,2416
e66855a5c583,0,0.793536007404327,0.061493992805481,0.0346430689096451,0.0569997318089008,0.0533271841704845,0.14496998488903,2,ESCALATE,1050
e69b48516577,0,0.710411548614502,0.0694479420781136,0.0992958322167397,0.0277760270982981,0.0930685922503471,0.220140451565385,2,ESCALATE,2588
e7defafeb957,2,0.175109505653381,0.149599477648735,0.352848827838898,0.131839960813522,0.190602332353592,0.675291121006012,2,ESCALATE,3388
e8e44b3160e3,0,0.898890435695648,0.026574557647109,0.0167883150279522,0.0215291287750006,0.0362174510955811,0.0745348948985338,2,ESCALATE,1050
e9ff9352ccb3,1,0.286764889955521,0.122928969562054,0.508639872074127,0.0436483882367611,0.0380178391933441,0.590306099504232,2,ESCALATE,4288
ea4dcb055139,2,0.70617002248764,0.0474161170423031,0.0840006619691849,0.126591473817825,0.0358217656612396,0.24641390144825,2,ESCALATE,2588
ea68b58a6e8f,0,0.80863094329834,0.0808919593691826,0.0288675650954247,0.0541150197386742,0.0274944845587015,0.1104770693928,2,ESCALATE,1050
ea7e21bab610,0,0.970292806625366,0.00918177329003811,0.00568868266418576,0.0063310656696558,0.00850578211247921,0.0205255304463208,2,ESCALATE,1050
ea9c41e1ced0,0,0.9288529753685,0.0159521978348494,0.0112126348540187,0.0200399905443192,0.0239421352744102,0.0551947606727481,2,ESCALATE,1050
eabc7c716255,0,0.866371393203735,0.0344869419932365,0.0686809346079826,0.0229532718658447,0.00750752864405513,0.0991417351178825,2,ESCALATE,819
eadc57064154,4,0.206326827406883,0.062122531235218,0.261210143566132,0.0944472923874855,0.375893175601959,0.731550611555576,2,ESCALATE,1050
eadfc8809ec8,2,0.0114802103489637,0.0493662729859352,0.600921034812927,0.218378663063049,0.119853794574738,0.939153492450714,2,AUTO_REPORT,3216
ebd96d853918,0,0.900857329368591,0.0312808267772198,0.0212590359151363,0.0178630687296391,0.0287397857755423,0.0678618904203176,2,ESCALATE,1050
ec4649213ccf,1,0.115459807217121,0.379852116107941,0.372068583965302,0.09332574903965,0.0392937399446964,0.504688072949648,2,ESCALATE,2416
ecb4500285ed,0,0.973354637622833,0.00361057696864009,0.00875863339751959,0.0067278235219419,0.00754831545054913,0.0230347723700106,2,ESCALATE,819
ed3ce1674761,0,0.906126856803894,0.0279804691672325,0.0237384457141161,0.0286405365914106,0.0135137839242816,0.0658927662298083,2,ESCALATE,1050
ee1ec90b980f,4,0.00685548596084118,0.0106380330398679,0.192590072751045,0.184164956212044,0.605751395225525,0.982506424188614,2,ESCALATE,2416
ef48780f5d5f,0,0.938248336315155,0.0232144445180893,0.00675319693982601,0.0160906184464693,0.0156934279948473,0.0385372433811426,2,ESCALATE,1050
ef81cd8854cb,0,0.852419555187225,0.0377080552279949,0.0429812781512737,0.0327805951237679,0.034110464155674,0.109872337430716,2,ESCALATE,1050
f002ce614c59,0,0.875224351882935,0.0541435368359089,0.0330034047365189,0.0204107202589512,0.0172179695218801,0.0706320945173502,2,ESCALATE,2588
f025f33b2c9b,4,0.0225832890719175,0.0230329111218452,0.335705190896988,0.177966177463531,0.440712451934814,0.954383820295334,2,ESCALATE,3216
f0860c21533b,0,0.886002063751221,0.0419944413006306,0.0412601791322231,0.0115679604932666,0.0191752035170794,0.0720033431425691,2,ESCALATE,2588
f092febbf5c0,3,0.00805169995874166,0.111102692782879,0.44797882437706,0.374710083007812,0.0581567212939262,0.880845628678799,2,ESCALATE,2416
f09fd9433dff,0,0.942870140075684,0.0155910206958652,0.0136492848396301,0.0133316814899445,0.014557876624167,0.0415388429537416,2,ESCALATE,1050
f18abfa690ab,2,0.152928486466408,0.215497195720673,0.436086922883987,0.154500663280487,0.0409866683185101,0.631574254482985,2,ESCALATE,640
f1a761c68559,2,0.0258331801742315,0.0853118821978569,0.683164834976196,0.0638178735971451,0.141872227191925,0.888854935765266,2,AUTO_REPORT,1504
f361060eda3e,0,0.915753483772278,0.0274204891175032,0.01419997215271,0.0210507716983557,0.0215753223747015,0.0568260662257671,2,ESCALATE,1050
f3a268d2726d,2,0.289607971906662,0.0397700294852257,0.199642285704613,0.319330483675003,0.151649191975594,0.670621961355209,2,ESCALATE,2588
f3a88d3026dc,2,0.638745725154877,0.00928208231925964,0.0952995643019676,0.102972351014614,0.153700292110443,0.351972207427025,2,ESCALATE,1050
f460608cf4cc,2,0.0166951809078455,0.15648640692234,0.767500936985016,0.00727343698963523,0.0520440079271793,0.82681838190183,2,AUTO_REPORT,3216
f4ea2a2cfbb9,0,0.895700693130493,0.0306836739182472,0.0223500337451696,0.0263327043503523,0.0249329600483179,0.0736156981438398,2,ESCALATE,1050
f58d37d48e42,4,0.0226638745516539,0.0294761806726456,0.853768348693848,0.0647737830877304,0.0293177906423807,0.947859922423959,2,AUTO_REPORT,3388
f58f0b2fd718,0,0.889871716499329,0.0336760133504868,0.0223581939935684,0.0243058111518621,0.0297883134335279,0.0764523185789585,2,ESCALATE,1050
f69835dc7c50,4,0.000525470997672528,0.0181251373142004,0.308763921260834,0.60862010717392,0.0639654472470284,0.981349475681782,2,AUTO_REPORT,2416
f6d760566a51,0,0.838462710380554,0.0505810603499413,0.037030391395092,0.0307315401732922,0.0431943014264107,0.110956232994795,2,ESCALATE,1050
f6f433f3306f,3,0.0350338369607925,0.00943326763808727,0.196102872490883,0.67408686876297,0.0853431299328804,0.955532871186733,2,AUTO_REPORT,2588
f6f7dba7104d,1,0.00268276175484061,0.0401042737066746,0.836494386196136,0.0831202939152718,0.0375983603298664,0.957213040441275,2,AUTO_REPORT,2416
f80118bbda18,2,0.0451392643153667,0.217418804764748,0.557295262813568,0.0680549666285515,0.11209174990654,0.73744197934866,2,ESCALATE,2416
f86d1c404acb,0,0.752190351486206,0.0335419736802578,0.0692839473485947,0.0779100060462952,0.0670737624168396,0.214267715811729,2,ESCALATE,819
f8d62557ad0c,0,0.784390211105347,0.0899715721607208,0.0693321973085403,0.0324851237237453,0.0238209217786789,0.125638242810965,2,ESCALATE,819
f8f5942b690e,0,0.825579285621643,0.0632292777299881,0.0272290129214525,0.0337783843278885,0.050183966755867,0.111191364005208,2,ESCALATE,819
f9d52509c571,0,0.792884767055511,0.0585094466805458,0.0518599115312099,0.0488808080554008,0.0478651337325573,0.148605853319168,2,ESCALATE,1050
fa6f3d8bb1d5,0,0.906066298484802,0.0238978546112776,0.0215880237519741,0.0295244660228491,0.018923319876194,0.0700358096510172,2,ESCALATE,1050
fb767cea406c,0,0.505240440368652,0.13555708527565,0.130995690822601,0.0937251225113869,0.134481579065323,0.359202392399311,2,ESCALATE,819
fb88783de055,0,0.973092019557953,0.00764047214761376,0.00432399148121476,0.00571832526475191,0.00922526139765978,0.0192675781436265,2,ESCALATE,1050
fb88d23fc5fe,0,0.96403706073761,0.00726747326552868,0.00967152323573828,0.0102363452315331,0.00878768321126699,0.0286955516785383,2,ESCALATE,1050
fcc6aa6755e6,3,0.00450331484898925,0.00112507736776024,0.0718304589390755,0.86860316991806,0.053937990218401,0.994371619075537,2,AUTO_REPORT,2896
fce93caa4758,4,0.04798698797822,0.123475432395935,0.592879593372345,0.0949148312211037,0.140743151307106,0.828537575900555,2,ESCALATE,2416
fe3b0e50be78,0,0.91457211971283,0.0311610251665115,0.0253778658807278,0.0192755777388811,0.00961339566856623,0.0542668392881751,2,ESCALATE,819
fea14b3d44b0,1,0.0157435815781355,0.621316492557526,0.312692135572433,0.0351454019546509,0.0151023538783193,0.362939891405404,2,ESCALATE,2416
ff03f74667df,0,0.935072779655457,0.0171125121414661,0.010700523853302,0.0228764265775681,0.0142377614974976,0.0478147119283676,2,ESCALATE,2048
