Image,Truth,GraderGrade,GraderReferable,RuleV1,RuleV2,D2V1,D2V2
001639a390f0,4,4,1,2,2,ESCALATE,ESCALATE
01b3aed3ed4c,1,1,0,2,2,ESCALATE,ESCALATE
022f820027b8,0,0,0,2,0,ESCALATE,AUTO_REPORT
02358b47ea89,0,0,0,2,0,ESCALATE,AUTO_REPORT
026dcd9af143,2,2,1,2,2,AUTO_REPORT,AUTO_REPORT
02cd34a85b24,0,0,0,2,1,ESCALATE,AUTO_REPORT
0318598cfd16,4,2,1,2,1,AUTO_REPORT,ESCALATE
03676c71ed1b,2,0,0,2,2,ESCALATE,ESCALATE
0519b934f6b1,2,2,1,2,2,AUTO_REPORT,AUTO_REPORT
0551676cc2aa,0,0,0,2,0,ESCALATE,AUTO_REPORT
064af6592ba6,2,2,1,2,2,AUTO_REPORT,AUTO_REPORT
07083738b75e,2,2,1,2,2,AUTO_REPORT,AUTO_REPORT
07596907347b,0,0,0,2,0,ESCALATE,AUTO_REPORT
08037e4490e5,0,0,0,2,0,ESCALATE,AUTO_REPORT
080ee76c958c,4,2,1,2,2,AUTO_REPORT,AUTO_REPORT
08c17a2d95b7,2,3,1,2,2,AUTO_REPORT,AUTO_REPORT
0981195eb9fb,4,4,1,2,2,ESCALATE,ESCALATE
0a902c80d5da,0,0,0,2,0,ESCALATE,AUTO_REPORT
0b64a0a06f9a,0,0,0,2,0,ESCALATE,AUTO_REPORT
0bf37ca3156a,4,4,1,2,1,ESCALATE,ESCALATE
0cecc2864b7f,0,0,0,2,0,ESCALATE,AUTO_REPORT
0d8f60ed9280,0,0,0,2,0,ESCALATE,AUTO_REPORT
101b9ebfc720,1,1,0,2,2,ESCALATE,ESCALATE
103abbd8b63e,0,0,0,2,0,ESCALATE,AUTO_REPORT
10bf25731c08,0,0,0,2,0,ESCALATE,AUTO_REPORT
10de500cf0c5,0,0,0,2,0,ESCALATE,AUTO_REPORT
10f36b0239fb,1,3,1,2,2,ESCALATE,ESCALATE
11b5c77fbf79,2,2,1,2,2,AUTO_REPORT,AUTO_REPORT
11d8e5eaee5b,0,0,0,2,0,ESCALATE,AUTO_REPORT
12058bbb8299,0,0,0,2,2,ESCALATE,ESCALATE
13d014ccd136,0,0,0,2,1,ESCALATE,AUTO_REPORT
1411c8ab7161,2,2,1,2,2,ESCALATE,ESCALATE
1438288bb2e1,2,2,1,2,1,ESCALATE,ESCALATE
143db89c11c8,0,0,0,2,0,ESCALATE,AUTO_REPORT
14e3f84445f7,3,4,1,2,2,ESCALATE,ESCALATE
14ee87d6cc42,2,0,0,2,0,ESCALATE,ESCALATE
1509d097b69a,0,0,0,2,0,ESCALATE,AUTO_REPORT
150fc7127582,0,0,0,2,0,ESCALATE,AUTO_REPORT
15528e740543,2,2,1,2,2,ESCALATE,ESCALATE
1594ca6c30d3,2,2,1,2,2,AUTO_REPORT,AUTO_REPORT
15b21c80cc31,0,0,0,2,0,ESCALATE,AUTO_REPORT
15c24478ac72,0,0,0,2,0,ESCALATE,AUTO_REPORT
17eff993386f,1,1,0,2,2,ESCALATE,ESCALATE
184a185e7447,0,0,0,2,0,ESCALATE,AUTO_REPORT
186c1835eec5,0,0,0,2,0,ESCALATE,AUTO_REPORT
188a9323be03,2,2,1,2,2,AUTO_REPORT,AUTO_REPORT
19113e5f45ec,2,2,1,2,2,AUTO_REPORT,AUTO_REPORT
19545647508e,0,0,0,2,0,ESCALATE,AUTO_REPORT
1a1b4b2450ca,2,2,1,2,2,ESCALATE,ESCALATE
1a1e974a7dbf,0,0,0,2,0,ESCALATE,AUTO_REPORT
1b3647865779,0,0,0,0,0,AUTO_REPORT,AUTO_REPORT
1b4625877527,2,3,1,2,2,AUTO_REPORT,AUTO_REPORT
1b8ad0afe9fb,2,2,1,2,0,ESCALATE,ESCALATE
1bb0ddfe753a,1,2,1,2,2,AUTO_REPORT,AUTO_REPORT
1bea04b2bb2d,2,2,1,2,2,AUTO_REPORT,AUTO_REPORT
1bf30c84bbad,4,1,1,2,3,ESCALATE,ESCALATE
1c13a1483f4a,0,0,0,2,2,ESCALATE,ESCALATE
1c5ad36fb799,2,2,1,2,2,AUTO_REPORT,AUTO_REPORT
1cb814ed6332,2,2,1,2,2,AUTO_REPORT,AUTO_REPORT
1d29cb2f4296,0,0,0,2,0,ESCALATE,AUTO_REPORT
1d37f1c8b6d8,0,0,0,2,0,ESCALATE,AUTO_REPORT
1d3e9b939732,0,0,0,2,0,ESCALATE,AUTO_REPORT
1db0393cdbc1,0,0,0,2,0,ESCALATE,AUTO_REPORT
1db18bdd43aa,2,1,0,2,1,ESCALATE,ESCALATE
1db6bb46c102,0,0,0,2,0,ESCALATE,AUTO_REPORT
1dbdc32c17db,2,2,1,2,2,AUTO_REPORT,AUTO_REPORT
1df1530b9b8d,0,0,0,2,0,ESCALATE,AUTO_REPORT
1eee55494271,0,0,0,2,0,ESCALATE,AUTO_REPORT
1f07dae3cadb,2,2,1,2,2,ESCALATE,ESCALATE
1f3f32efaf20,0,0,0,2,2,ESCALATE,ESCALATE
1f9ccda4ddf2,0,0,0,2,0,ESCALATE,AUTO_REPORT
200d947f75db,1,1,0,2,1,ESCALATE,AUTO_REPORT
201f6e10c108,0,0,0,2,0,ESCALATE,AUTO_REPORT
22d843b2bbd1,0,0,0,2,0,ESCALATE,AUTO_REPORT
237c078d00fc,3,3,1,2,0,AUTO_REPORT,ESCALATE
247ac63e5510,4,4,1,2,2,ESCALATE,ESCALATE
254052cf3e48,4,2,1,2,2,ESCALATE,ESCALATE
25a0a1e41afd,0,0,0,2,0,ESCALATE,AUTO_REPORT
26e231747848,2,2,1,2,2,AUTO_REPORT,AUTO_REPORT
272d9c043c81,2,3,1,2,2,ESCALATE,ESCALATE
274f4de2a59d,0,0,0,2,2,ESCALATE,ESCALATE
274f5029189b,1,1,0,2,2,ESCALATE,ESCALATE
2776d70724d3,2,2,1,2,2,AUTO_REPORT,AUTO_REPORT
27933cdbe0cc,0,0,0,2,0,ESCALATE,AUTO_REPORT
281d7b7c7676,4,2,1,2,2,ESCALATE,ESCALATE
28751f290ba3,0,0,0,2,0,ESCALATE,AUTO_REPORT
29192375ab1b,0,0,0,2,2,ESCALATE,ESCALATE
29580bed2f7d,2,2,1,2,2,ESCALATE,ESCALATE
2974c6ad1d58,0,0,0,2,0,ESCALATE,AUTO_REPORT
2994f17f58a5,1,1,0,2,2,ESCALATE,ESCALATE
29b52f64d2db,1,2,1,2,2,AUTO_REPORT,AUTO_REPORT
29d059522fa1,0,0,0,2,0,ESCALATE,AUTO_REPORT
29f44aea93a4,2,2,1,2,2,AUTO_REPORT,AUTO_REPORT
2a08ed6bbcbc,1,1,0,2,2,ESCALATE,ESCALATE
2a2a6435f7f3,0,0,0,2,0,ESCALATE,AUTO_REPORT
2a3378bcfbcc,2,2,1,2,2,AUTO_REPORT,AUTO_REPORT
2b88cb6e31cd,2,2,1,2,2,AUTO_REPORT,AUTO_REPORT
2bd4d4fbed5c,2,2,1,2,2,AUTO_REPORT,AUTO_REPORT
2c1d5be654dd,2,2,1,2,2,AUTO_REPORT,AUTO_REPORT
2c827005b8f8,0,0,0,2,0,ESCALATE,AUTO_REPORT
2cceb07ff706,2,2,1,2,2,AUTO_REPORT,AUTO_REPORT
2cf18033da31,0,0,0,2,0,ESCALATE,AUTO_REPORT
2d558de2cabe,0,0,0,2,0,ESCALATE,AUTO_REPORT
2d870833c0c9,2,2,1,2,2,AUTO_REPORT,AUTO_REPORT
2da82d14e1b7,0,0,0,2,0,ESCALATE,AUTO_REPORT
2ef10194e80d,0,0,0,2,0,ESCALATE,AUTO_REPORT
2ef4a04aed1b,0,0,0,2,0,ESCALATE,AUTO_REPORT
2f2e1949ad56,1,1,0,2,2,ESCALATE,ESCALATE
2f42e20db938,3,3,1,2,1,AUTO_REPORT,ESCALATE
302bcdb635ff,2,2,1,2,2,AUTO_REPORT,AUTO_REPORT
31616ff6b53b,3,2,1,2,2,AUTO_REPORT,AUTO_REPORT
33b91def2035,0,0,0,2,0,ESCALATE,AUTO_REPORT
3435fd8675a2,3,3,1,2,2,AUTO_REPORT,AUTO_REPORT
35362d43e753,0,0,0,2,0,ESCALATE,AUTO_REPORT
35777eb7859d,0,0,0,2,0,ESCALATE,AUTO_REPORT
3580a545016d,0,0,0,2,0,ESCALATE,AUTO_REPORT
3599029efeb3,0,0,0,2,0,ESCALATE,AUTO_REPORT
36677b70b1ef,1,1,0,2,2,ESCALATE,ESCALATE
374535e0adb8,4,4,1,2,2,ESCALATE,ESCALATE
378963f9df22,4,2,1,2,2,AUTO_REPORT,AUTO_REPORT
38055d8b9f08,3,2,1,2,2,ESCALATE,ESCALATE
384631079d1e,1,2,1,2,2,AUTO_REPORT,AUTO_REPORT
388f12e8df0b,2,2,1,2,2,AUTO_REPORT,AUTO_REPORT
393fa5a023a5,0,0,0,2,0,ESCALATE,AUTO_REPORT
39923b29988a,2,3,1,2,2,ESCALATE,ESCALATE
39aa3cd93c50,3,3,1,2,2,ESCALATE,ESCALATE
39b5b05d6cd9,2,3,1,2,2,AUTO_REPORT,AUTO_REPORT
3a122851e526,2,2,1,2,2,AUTO_REPORT,AUTO_REPORT
3a61e690f4bb,2,2,1,2,2,AUTO_REPORT,AUTO_REPORT
3a6e9730b298,4,2,1,2,2,ESCALATE,ESCALATE
3b10191dfd25,0,0,0,2,0,ESCALATE,AUTO_REPORT
3b58b02c89ed,2,2,1,2,2,ESCALATE,ESCALATE
3b5dffe159b6,0,0,0,2,0,ESCALATE,AUTO_REPORT
3c311c9109b0,2,2,1,2,2,AUTO_REPORT,AUTO_REPORT
3cab32dd6ef9,0,0,0,2,0,ESCALATE,AUTO_REPORT
3d3e288d490e,2,2,1,2,2,AUTO_REPORT,AUTO_REPORT
3dbfbc11e105,2,2,1,2,2,AUTO_REPORT,AUTO_REPORT
3e1f8fecb06f,2,3,1,2,2,ESCALATE,ESCALATE
3e86335bc2fd,2,2,1,2,2,AUTO_REPORT,AUTO_REPORT
3ee4841936ef,4,1,0,2,2,ESCALATE,ESCALATE
3f3de2a6b0f5,2,2,1,2,2,AUTO_REPORT,AUTO_REPORT
3f6bccf21ce8,0,0,0,2,0,ESCALATE,AUTO_REPORT
3f8d5c940ba4,2,2,1,2,2,ESCALATE,ESCALATE
3fc219927a97,2,1,0,2,2,ESCALATE,ESCALATE
3fe282197c1c,0,0,0,2,0,ESCALATE,AUTO_REPORT
40c24aded50c,0,0,0,2,2,ESCALATE,ESCALATE
4134b290f5f3,0,0,0,2,0,ESCALATE,AUTO_REPORT
4145dcb25053,0,0,0,2,0,ESCALATE,AUTO_REPORT
423abbaa5fad,2,2,1,2,2,AUTO_REPORT,AUTO_REPORT
4246ed634f25,2,1,1,2,2,ESCALATE,ESCALATE
4294a14c656a,3,2,1,2,2,AUTO_REPORT,AUTO_REPORT
435414ccccf7,0,0,0,2,0,ESCALATE,AUTO_REPORT
43823561c3f0,0,0,0,2,0,ESCALATE,AUTO_REPORT
441117562359,2,2,1,2,2,AUTO_REPORT,AUTO_REPORT
44878f34e31f,0,0,0,2,0,ESCALATE,AUTO_REPORT
44ecf3f4efa5,4,2,1,2,2,AUTO_REPORT,AUTO_REPORT
44f4ae58990e,2,2,1,2,2,AUTO_REPORT,AUTO_REPORT
44f7f3ef9d50,0,0,0,2,0,ESCALATE,AUTO_REPORT
4528fbbd43a3,0,0,0,2,0,ESCALATE,AUTO_REPORT
454792eb6e05,0,0,0,2,0,ESCALATE,AUTO_REPORT
46c1548d730e,2,2,1,2,2,ESCALATE,ESCALATE
46d3316c4857,4,4,1,2,2,ESCALATE,ESCALATE
4731e708ede3,0,0,0,2,0,ESCALATE,AUTO_REPORT
478fc46eaa49,0,0,0,2,2,ESCALATE,ESCALATE
48543037d0b3,2,1,1,2,2,ESCALATE,ESCALATE
494fc9c745a3,1,1,0,2,2,ESCALATE,ESCALATE
4b237b958555,0,0,0,2,0,ESCALATE,AUTO_REPORT
4b618537d52f,3,2,1,2,2,AUTO_REPORT,AUTO_REPORT
4b6895d0cf8d,0,0,0,2,0,ESCALATE,AUTO_REPORT
4c52922f3bfd,2,1,0,2,2,ESCALATE,ESCALATE
4c570172778b,3,3,1,2,2,AUTO_REPORT,AUTO_REPORT
4c60b10a3a6a,3,3,1,2,2,ESCALATE,ESCALATE
4c9f0fdaaef7,3,2,1,2,2,ESCALATE,ESCALATE
4ccee4db09b6,0,0,0,2,0,ESCALATE,AUTO_REPORT
4cde86044ad1,0,0,0,2,0,ESCALATE,AUTO_REPORT
4da2961e62fe,1,1,0,2,2,ESCALATE,ESCALATE
4dd9d29eae5d,1,1,0,2,1,ESCALATE,ESCALATE
4ef16a53d899,0,0,0,2,0,ESCALATE,AUTO_REPORT
4f0866b90c27,3,2,1,2,2,ESCALATE,ESCALATE
4f6abc40c72d,0,0,0,2,0,ESCALATE,AUTO_REPORT
4f7755e74a9e,1,1,1,2,2,ESCALATE,ESCALATE
4fef9ed8a4c5,3,3,1,2,2,AUTO_REPORT,AUTO_REPORT
5090917a2676,1,1,0,2,2,ESCALATE,ESCALATE
513b0a4651fa,1,1,0,2,2,ESCALATE,ESCALATE
518e880613de,4,2,1,2,2,AUTO_REPORT,AUTO_REPORT
521d3e264d71,2,2,1,2,2,ESCALATE,ESCALATE
531b39880c32,1,1,0,2,2,ESCALATE,ESCALATE
5321ab64f9ea,0,0,0,2,0,ESCALATE,AUTO_REPORT
53ddae6a619e,0,0,0,2,2,ESCALATE,ESCALATE
54038e56131d,0,0,0,2,0,ESCALATE,AUTO_REPORT
54334705a34d,0,0,0,2,0,ESCALATE,AUTO_REPORT
5445255635f0,0,0,0,2,0,ESCALATE,AUTO_REPORT
549381330191,0,0,0,2,2,ESCALATE,ESCALATE
55092c0071eb,2,1,0,2,2,ESCALATE,ESCALATE
568455854a11,0,0,0,2,0,ESCALATE,AUTO_REPORT
573ea80a53be,0,0,0,2,0,ESCALATE,AUTO_REPORT
57a5f1015504,2,2,1,2,2,AUTO_REPORT,AUTO_REPORT
596f4fdb0004,0,0,0,2,0,ESCALATE,AUTO_REPORT
599498e9e4bc,0,0,0,2,0,ESCALATE,AUTO_REPORT
59bd19c1c5bb,0,0,0,2,2,ESCALATE,ESCALATE
59e5212f7139,1,1,0,2,2,ESCALATE,ESCALATE
5b3d41626ec5,0,0,0,2,0,ESCALATE,AUTO_REPORT
5dd2e26fc244,4,4,1,2,2,ESCALATE,ESCALATE
5e97cb2b0888,0,0,0,2,0,ESCALATE,AUTO_REPORT
5eb311bcb5f9,2,3,1,2,2,ESCALATE,ESCALATE
5eb8fb1aad41,0,0,0,2,0,ESCALATE,AUTO_REPORT
606daaf0bfc7,0,0,0,2,0,ESCALATE,AUTO_REPORT
60e269e3e188,2,2,1,2,2,ESCALATE,ESCALATE
612f2df37a1d,4,4,1,2,2,ESCALATE,ESCALATE
6165081b9021,1,1,0,2,2,ESCALATE,ESCALATE
6180920bc224,0,0,0,2,2,ESCALATE,ESCALATE
61c2fbd16e38,2,3,1,2,2,ESCALATE,ESCALATE
61c667663f2f,0,0,0,2,0,ESCALATE,AUTO_REPORT
61da799bf0aa,0,1,0,2,0,ESCALATE,ESCALATE
63a03880939c,1,1,0,2,2,ESCALATE,ESCALATE
63c3c571b8ee,2,2,1,2,2,ESCALATE,ESCALATE
63c7b0265775,0,0,0,2,0,ESCALATE,AUTO_REPORT
650fbed3fdca,2,2,1,2,2,AUTO_REPORT,AUTO_REPORT
65a7fe9482fe,0,0,0,2,0,ESCALATE,AUTO_REPORT
65dda202653d,0,0,0,2,0,ESCALATE,AUTO_REPORT
66375b3c64db,4,2,1,2,2,AUTO_REPORT,AUTO_REPORT
663a923d5398,2,1,1,2,2,ESCALATE,ESCALATE
66cd9c28e636,1,1,0,2,2,ESCALATE,ESCALATE
6762b2b48ea5,1,1,0,2,2,ESCALATE,ESCALATE
67844c46bc61,2,2,1,2,2,AUTO_REPORT,AUTO_REPORT
6810410187a0,2,2,1,2,2,ESCALATE,ESCALATE
684dd88a0d49,0,0,0,2,0,ESCALATE,AUTO_REPORT
687759336b0d,3,2,1,2,2,ESCALATE,ESCALATE
698d6e422a80,2,2,1,2,2,ESCALATE,ESCALATE
69c4cbb630de,0,0,0,2,0,ESCALATE,AUTO_REPORT
6b07971c3bf6,1,0,0,2,2,ESCALATE,ESCALATE
6b869f37cdf3,2,1,0,2,2,ESCALATE,ESCALATE
6bcce181be65,0,0,0,2,0,ESCALATE,AUTO_REPORT
6c2555a9cae4,2,1,0,2,2,ESCALATE,ESCALATE
6c315ad3d07f,2,3,1,2,2,ESCALATE,ESCALATE
6c6505a0c637,0,0,0,2,0,ESCALATE,AUTO_REPORT
6cd606dc52e9,4,2,1,2,2,ESCALATE,ESCALATE
6cffc6c6851a,0,0,0,2,0,ESCALATE,AUTO_REPORT
6d259b5b4c76,4,4,1,2,2,ESCALATE,ESCALATE
6dc0281f11e3,0,0,0,2,2,ESCALATE,ESCALATE
6df8b7b6e837,0,0,0,2,2,ESCALATE,ESCALATE
6e092b306fe1,2,2,1,2,2,AUTO_REPORT,AUTO_REPORT
6e1db8711879,0,0,0,2,0,ESCALATE,AUTO_REPORT
6e861bc3bd7b,0,0,0,2,0,ESCALATE,AUTO_REPORT
6f0463c1ff18,2,2,1,2,2,AUTO_REPORT,AUTO_REPORT
6fe67482bfae,4,2,1,2,2,AUTO_REPORT,AUTO_REPORT
70d0392397de,0,0,0,2,0,ESCALATE,AUTO_REPORT
71a39c660432,3,3,1,2,2,AUTO_REPORT,AUTO_REPORT
71e43b4f8ba6,0,0,0,2,0,ESCALATE,AUTO_REPORT
71f6a6e4620a,1,2,1,2,2,AUTO_REPORT,AUTO_REPORT
7214fc7cbe03,0,0,0,2,0,ESCALATE,AUTO_REPORT
7247a2c97f71,2,2,1,2,2,ESCALATE,ESCALATE
7270367410a1,4,4,1,2,2,ESCALATE,ESCALATE
72d98188648f,4,2,1,2,2,AUTO_REPORT,AUTO_REPORT
7350c50667c5,2,1,0,2,2,ESCALATE,ESCALATE
73ef3c3dcbe4,0,0,0,2,0,ESCALATE,AUTO_REPORT
7526c59c36d3,0,0,0,2,1,ESCALATE,AUTO_REPORT
7550966ef777,2,2,1,2,2,ESCALATE,ESCALATE
75a4343b12f9,0,1,0,2,2,ESCALATE,ESCALATE
767d777ee889,0,0,0,2,0,ESCALATE,AUTO_REPORT
76be29bb30b2,1,1,0,2,2,ESCALATE,ESCALATE
76e5b50f95a7,0,0,0,2,0,ESCALATE,AUTO_REPORT
77acc2cafee1,0,0,0,2,0,ESCALATE,AUTO_REPORT
784d6d302f98,0,0,0,2,0,ESCALATE,AUTO_REPORT
78b3f819dcc5,4,4,1,2,2,ESCALATE,ESCALATE
79540be95177,2,2,1,2,2,AUTO_REPORT,AUTO_REPORT
799214e8b07c,0,0,0,2,0,ESCALATE,AUTO_REPORT
79ade634c633,0,0,0,2,0,ESCALATE,AUTO_REPORT
79d44db3da2d,4,4,1,2,2,ESCALATE,ESCALATE
7a39c91416e2,0,0,0,2,1,ESCALATE,AUTO_REPORT
7a3ea1779b13,1,1,0,2,2,ESCALATE,ESCALATE
7a6e384a0846,3,1,1,2,2,ESCALATE,ESCALATE
7ad0c4975890,0,1,0,2,2,ESCALATE,ESCALATE
7be1b9aa78aa,0,0,0,2,0,ESCALATE,AUTO_REPORT
7c2e852171c0,0,0,0,2,0,ESCALATE,AUTO_REPORT
7c52fe73e748,2,2,1,2,2,AUTO_REPORT,AUTO_REPORT
7c6594b50690,0,0,0,2,0,ESCALATE,AUTO_REPORT
7d626a7ffe76,4,3,1,2,2,AUTO_REPORT,AUTO_REPORT
7da558d92100,0,0,0,2,0,ESCALATE,AUTO_REPORT
7e4019ac7f5a,4,2,1,2,2,AUTO_REPORT,AUTO_REPORT
7efc91af4ae6,4,2,1,2,0,ESCALATE,ESCALATE
7f2123bc89a3,0,0,0,2,0,ESCALATE,AUTO_REPORT
7f60f2a083d3,1,1,0,2,2,ESCALATE,ESCALATE
8000a6b97a84,2,2,1,2,2,AUTO_REPORT,AUTO_REPORT
8010c931321f,0,0,0,2,0,ESCALATE,AUTO_REPORT
80c67efc8101,0,0,0,2,0,ESCALATE,AUTO_REPORT
80f6b30ece8c,0,0,0,2,2,ESCALATE,ESCALATE
810d3779abd9,3,3,1,2,2,ESCALATE,ESCALATE
81371b0c01ad,0,0,0,0,0,AUTO_REPORT,AUTO_REPORT
81704925f759,0,0,0,2,0,ESCALATE,AUTO_REPORT
83df53d58f28,0,0,0,2,2,ESCALATE,ESCALATE
83fda7c0500b,0,0,0,2,2,ESCALATE,ESCALATE
84b88e8d3bca,0,0,0,2,2,ESCALATE,ESCALATE
84c663f39632,4,1,1,2,2,ESCALATE,ESCALATE
857002ed4e49,2,2,1,2,2,AUTO_REPORT,AUTO_REPORT
86b3a7929bec,2,3,1,2,2,AUTO_REPORT,AUTO_REPORT
86d58f850a0c,0,0,0,2,0,ESCALATE,AUTO_REPORT
875d2ffcbf47,0,0,0,2,0,ESCALATE,AUTO_REPORT
87b1938994b5,2,2,1,2,2,AUTO_REPORT,AUTO_REPORT
87d46b1cc4e9,0,0,0,2,2,ESCALATE,ESCALATE
885fa5fc5da8,0,0,0,2,0,ESCALATE,AUTO_REPORT
891329021e12,0,0,0,2,0,ESCALATE,AUTO_REPORT
898f0bc8acfa,0,0,0,2,0,ESCALATE,AUTO_REPORT
89b725411cee,2,3,1,2,2,ESCALATE,ESCALATE
8a8a251770cd,0,0,0,2,0,ESCALATE,AUTO_REPORT
8bf2d925dc0c,0,0,0,2,0,ESCALATE,AUTO_REPORT
8dafa62f9322,0,0,0,2,0,ESCALATE,AUTO_REPORT
8e67f2d7e0ee,0,0,0,2,0,ESCALATE,AUTO_REPORT
8e76054f0831,0,0,0,2,0,ESCALATE,AUTO_REPORT
8f14bca04b47,0,0,0,2,0,ESCALATE,AUTO_REPORT
8fbb2ca39911,0,0,0,2,0,ESCALATE,AUTO_REPORT
9122b31414d3,0,0,0,2,0,ESCALATE,AUTO_REPORT
91a88d3b0358,2,1,0,2,2,ESCALATE,ESCALATE
91b7a4179ecf,0,0,0,2,0,ESCALATE,AUTO_REPORT
91e2c2890c9f,2,2,1,2,2,AUTO_REPORT,AUTO_REPORT
921433215353,2,2,1,2,2,ESCALATE,ESCALATE
9232dc06cfdc,0,0,0,2,0,ESCALATE,AUTO_REPORT
92587e494d51,0,0,0,2,0,ESCALATE,AUTO_REPORT
92b0d27fc0ec,2,2,1,2,2,ESCALATE,ESCALATE
92d9e9f08709,1,2,1,2,2,ESCALATE,ESCALATE
92e3d608fd3c,0,0,0,2,0,ESCALATE,AUTO_REPORT
93d6d20a5ee3,0,0,0,2,0,ESCALATE,AUTO_REPORT
94111ed3d276,1,1,0,2,2,ESCALATE,ESCALATE
944a233fbf8e,1,1,0,2,2,ESCALATE,ESCALATE
949710bead24,0,0,0,2,2,ESCALATE,ESCALATE
94ef1d14597f,4,2,1,2,2,AUTO_REPORT,AUTO_REPORT
959bb2d01091,0,0,0,2,0,ESCALATE,AUTO_REPORT
962cf85e4f6d,2,2,1,2,2,AUTO_REPORT,AUTO_REPORT
975252e325e3,2,1,0,2,2,ESCALATE,ESCALATE
9782c0489eca,1,1,0,2,2,ESCALATE,ESCALATE
97d02a9b94f7,0,0,0,2,0,ESCALATE,AUTO_REPORT
98f48850ebce,2,2,1,2,2,AUTO_REPORT,AUTO_REPORT
9985375d709f,0,0,0,2,1,ESCALATE,AUTO_REPORT
999115d9386b,2,2,1,2,2,AUTO_REPORT,AUTO_REPORT
9a3109657ac1,1,1,0,2,2,ESCALATE,ESCALATE
9a496b1e20f9,4,4,1,2,1,ESCALATE,ESCALATE
9a4f370d341b,2,2,1,2,2,ESCALATE,ESCALATE
9a9b21215c55,2,2,1,2,2,AUTO_REPORT,AUTO_REPORT
9b093fe95d6b,3,2,1,2,2,ESCALATE,ESCALATE
9b0eb9f41da4,2,2,1,2,2,AUTO_REPORT,AUTO_REPORT
9ba469af2980,0,0,0,2,2,ESCALATE,ESCALATE
9cedf5c7016b,2,1,1,2,2,ESCALATE,ESCALATE
9cf7c1349673,0,0,0,2,0,ESCALATE,AUTO_REPORT
9d62478042b6,0,0,0,2,0,ESCALATE,AUTO_REPORT
9df31421cdd2,2,2,1,2,2,AUTO_REPORT,AUTO_REPORT
9e2ba2b979f1,0,0,0,2,0,ESCALATE,AUTO_REPORT
9e99ae6ee7af,0,0,0,2,2,ESCALATE,ESCALATE
a02dfd67a925,0,0,0,2,0,ESCALATE,AUTO_REPORT
a04fb36db784,2,2,1,2,2,AUTO_REPORT,AUTO_REPORT
a07d9a5045cb,0,0,0,2,0,ESCALATE,AUTO_REPORT
a08a0133754a,0,0,0,0,0,AUTO_REPORT,AUTO_REPORT
a11bf2edd470,4,3,1,2,2,AUTO_REPORT,AUTO_REPORT
a19507501b40,2,2,1,2,2,AUTO_REPORT,AUTO_REPORT
a1b12fdce6c3,2,2,1,2,2,ESCALATE,ESCALATE
a1edf0e66592,0,0,0,2,0,ESCALATE,AUTO_REPORT
a30a143a53a3,0,0,0,2,0,ESCALATE,AUTO_REPORT
a3132c8828e4,0,0,0,2,0,ESCALATE,AUTO_REPORT
a34fc5376669,0,0,0,2,2,ESCALATE,ESCALATE
a3802934bad7,2,1,0,2,1,ESCALATE,ESCALATE
a3957df90a78,2,2,1,2,2,AUTO_REPORT,AUTO_REPORT
a3ad6c2db6f1,1,1,0,2,2,ESCALATE,ESCALATE
a443c4fd489c,1,0,0,2,1,ESCALATE,AUTO_REPORT
a49b0b4484ea,2,4,1,2,2,ESCALATE,ESCALATE
a56230242a95,2,2,1,2,2,AUTO_REPORT,AUTO_REPORT
a5a2a7003d60,1,1,0,2,2,ESCALATE,ESCALATE
a6b6d27c1b32,0,0,0,2,0,ESCALATE,AUTO_REPORT
a6c9e96a10d7,2,1,0,2,0,ESCALATE,ESCALATE
a763661f98a5,3,3,1,2,2,ESCALATE,ESCALATE
a77dbec966d4,1,2,1,2,2,ESCALATE,ESCALATE
a790a3b36390,2,2,1,2,2,ESCALATE,ESCALATE
a821b6ecef33,0,0,0,2,0,ESCALATE,AUTO_REPORT
a8263d248523,0,0,0,2,2,ESCALATE,ESCALATE
a8652b2de23f,2,1,1,2,2,ESCALATE,ESCALATE
a8854768549f,0,0,0,2,0,ESCALATE,AUTO_REPORT
a8aed92940fb,0,0,0,2,0,ESCALATE,AUTO_REPORT
a8b637abd96b,0,1,0,2,2,ESCALATE,ESCALATE
a93f1ea3ff4a,2,2,1,2,2,AUTO_REPORT,AUTO_REPORT
a95858e052d6,1,2,1,2,2,AUTO_REPORT,AUTO_REPORT
aa4407aab872,0,0,0,2,0,ESCALATE,AUTO_REPORT
aa6242f9e08c,0,0,0,2,0,ESCALATE,AUTO_REPORT
aae8f9f3ef8c,3,2,1,2,2,ESCALATE,ESCALATE
ababe19ed448,1,2,1,2,2,ESCALATE,ESCALATE
abdb365cacbc,1,2,1,2,2,ESCALATE,ESCALATE
abe940882578,0,0,0,0,0,AUTO_REPORT,AUTO_REPORT
abf0f56c6f12,2,2,1,2,2,AUTO_REPORT,AUTO_REPORT
ac17cc18a994,0,0,0,2,2,ESCALATE,ESCALATE
ac81fc200162,0,0,0,2,2,ESCALATE,ESCALATE
ad1aa75d5630,0,0,0,0,0,AUTO_REPORT,AUTO_REPORT
ad93d88c87ea,0,0,0,2,0,ESCALATE,AUTO_REPORT
ae1344610ebe,2,2,1,2,2,AUTO_REPORT,AUTO_REPORT
ae49cc60f251,0,0,0,2,2,ESCALATE,ESCALATE
aed4e743c230,2,2,1,2,2,AUTO_REPORT,AUTO_REPORT
af6166d57f13,0,0,0,2,0,ESCALATE,AUTO_REPORT
af828dab3ffc,2,2,1,2,2,AUTO_REPORT,AUTO_REPORT
b0c9a492e068,0,0,0,2,2,ESCALATE,ESCALATE
b11dcdcbc8c8,0,0,0,2,0,ESCALATE,AUTO_REPORT
b1f4122fd36a,2,2,1,2,2,ESCALATE,ESCALATE
b21abe5d9722,0,0,0,2,0,ESCALATE,AUTO_REPORT
b294927b14b0,0,0,0,2,0,ESCALATE,AUTO_REPORT
b2ffa3e18559,3,3,1,2,2,AUTO_REPORT,AUTO_REPORT
b3a994760537,0,0,0,2,0,ESCALATE,AUTO_REPORT
b3d135bd3bb5,3,3,1,2,2,AUTO_REPORT,AUTO_REPORT
b402daa0864c,2,2,1,2,2,AUTO_REPORT,AUTO_REPORT
b43440c6ebe4,0,0,0,2,0,ESCALATE,AUTO_REPORT
b460ca9fa26f,0,0,0,2,0,ESCALATE,AUTO_REPORT
b4f41b5bf0ef,1,1,0,2,2,ESCALATE,ESCALATE
b5834ee64541,3,2,1,2,2,AUTO_REPORT,AUTO_REPORT
b71428739d4e,1,2,0,2,2,ESCALATE,ESCALATE
b746a6681ba9,2,2,1,2,2,AUTO_REPORT,AUTO_REPORT
b7bd4a6627b6,0,0,0,2,2,ESCALATE,ESCALATE
b7ce561a7328,0,0,0,2,0,ESCALATE,AUTO_REPORT
b82d5f1f1145,2,1,1,2,2,ESCALATE,ESCALATE
b89938407ee6,2,2,1,2,0,AUTO_REPORT,ESCALATE
b8ac328009e0,2,2,1,2,2,AUTO_REPORT,AUTO_REPORT
b8fb9f55cd6d,2,2,1,2,2,ESCALATE,ESCALATE
b92eacd1392a,0,0,0,2,0,ESCALATE,AUTO_REPORT
b9519abce0c1,0,0,0,2,0,ESCALATE,AUTO_REPORT
b98f77098b9d,2,2,1,2,2,AUTO_REPORT,AUTO_REPORT
ba25f947f4ec,2,2,1,2,2,AUTO_REPORT,AUTO_REPORT
baaca2f7e1f0,0,0,0,2,2,ESCALATE,ESCALATE
bb5083fae98f,3,4,1,2,2,ESCALATE,ESCALATE
bb733062f494,2,2,1,2,2,AUTO_REPORT,AUTO_REPORT
bc34ed91c9bc,4,2,1,2,2,AUTO_REPORT,AUTO_REPORT
bc8c6a778cde,0,0,0,0,0,AUTO_REPORT,AUTO_REPORT
bd500a73beae,0,0,0,2,0,ESCALATE,AUTO_REPORT
bd9904495ccd,4,2,1,2,2,AUTO_REPORT,AUTO_REPORT
bdf47b9f10c4,0,0,0,2,2,ESCALATE,ESCALATE
be197b663520,0,0,0,2,0,ESCALATE,AUTO_REPORT
be3a7d9e981e,0,0,0,2,0,ESCALATE,AUTO_REPORT
be6cbf6e5b10,0,0,0,0,0,AUTO_REPORT,AUTO_REPORT
bf9cba745efc,2,1,0,2,1,ESCALATE,ESCALATE
c0e509786f7f,4,3,1,2,2,ESCALATE,ESCALATE
c21eb81de9fc,0,0,0,2,0,ESCALATE,AUTO_REPORT
c24bcf7a1bc4,0,0,0,2,0,ESCALATE,AUTO_REPORT
c334f8688b77,0,0,0,2,0,ESCALATE,AUTO_REPORT
c4aef0d88d1b,0,0,0,2,0,ESCALATE,AUTO_REPORT
c58e5c0c5b33,0,0,0,2,0,ESCALATE,AUTO_REPORT
c62585bd68fb,4,3,1,2,2,AUTO_REPORT,AUTO_REPORT
c6a2975228af,2,2,1,2,2,ESCALATE,ESCALATE
c6a8f8f998a2,0,0,0,2,0,ESCALATE,AUTO_REPORT
c90c6b94cf40,0,0,0,2,0,ESCALATE,AUTO_REPORT
c947bb6cf9f6,0,0,0,2,0,ESCALATE,AUTO_REPORT
c94f37085d0f,0,0,0,2,0,ESCALATE,AUTO_REPORT
c9c563864ab1,0,0,0,2,0,ESCALATE,AUTO_REPORT
ca2b54b95ade,0,0,0,2,0,ESCALATE,AUTO_REPORT
ca6842bfcbc9,1,1,0,2,2,ESCALATE,ESCALATE
ca7140ecf389,1,1,0,2,2,ESCALATE,ESCALATE
ca9c912ebad7,2,2,1,2,2,AUTO_REPORT,AUTO_REPORT
cb0cc98d7e35,0,1,0,2,2,ESCALATE,ESCALATE
cb2f3c5d71a7,1,2,1,2,2,ESCALATE,ESCALATE
cc12453ea915,1,1,0,2,2,ESCALATE,ESCALATE
cc1eebed9276,2,1,0,2,2,ESCALATE,ESCALATE
cc964bf04dbc,0,0,0,2,0,ESCALATE,AUTO_REPORT
cd45bfa07d41,1,1,0,2,2,ESCALATE,ESCALATE
cd9e2190c73f,2,2,1,2,2,ESCALATE,ESCALATE
ce754234d760,0,0,0,2,0,ESCALATE,AUTO_REPORT
ceaa5803d780,2,2,1,2,2,AUTO_REPORT,AUTO_REPORT
ceb32a193eff,0,0,0,2,0,ESCALATE,AUTO_REPORT
cf603a9ef2d5,1,1,0,2,2,ESCALATE,ESCALATE
cff262ed8f4c,0,0,0,2,2,ESCALATE,ESCALATE
cffc50047828,0,0,0,2,0,ESCALATE,AUTO_REPORT
d0ffa0425ef1,3,2,1,2,2,AUTO_REPORT,AUTO_REPORT
d264396d8d1a,2,2,1,2,2,ESCALATE,ESCALATE
d29b37d110f3,0,0,0,2,0,ESCALATE,AUTO_REPORT
d2c2f02bb313,4,4,1,2,2,ESCALATE,ESCALATE
d2c6b99ef62c,2,2,1,2,2,AUTO_REPORT,AUTO_REPORT
d3dfd0a2dee6,0,0,0,2,0,ESCALATE,AUTO_REPORT
d4f32b9c07df,1,2,1,2,2,AUTO_REPORT,AUTO_REPORT
d516f77d4516,0,0,0,2,0,ESCALATE,AUTO_REPORT
d56d32a1d62d,0,0,0,1,0,AUTO_REPORT,AUTO_REPORT
d5b4705ac2ee,1,0,0,2,1,ESCALATE,AUTO_REPORT
d5c63a8d9e94,0,0,0,2,0,ESCALATE,AUTO_REPORT
d6803e467592,0,0,0,2,0,ESCALATE,AUTO_REPORT
d6b109c82067,0,0,0,2,0,ESCALATE,AUTO_REPORT
d838d5b9f571,0,0,0,2,0,ESCALATE,AUTO_REPORT
d844a7252f4e,0,2,1,2,2,ESCALATE,ESCALATE
d85ea1220a03,4,3,1,2,2,AUTO_REPORT,AUTO_REPORT
d866c26d76f0,0,0,0,2,0,ESCALATE,AUTO_REPORT
d88c4843aec3,0,0,0,2,0,ESCALATE,AUTO_REPORT
d968a983d4d2,2,2,1,2,1,ESCALATE,ESCALATE
d9e58e4d8689,0,1,0,2,2,ESCALATE,ESCALATE
daff5427c9b2,0,0,0,2,0,ESCALATE,AUTO_REPORT
db690e2d02f8,1,0,0,2,2,ESCALATE,ESCALATE
dbee04ae6426,2,2,1,2,2,ESCALATE,ESCALATE
dbfd238b3468,3,3,1,2,2,AUTO_REPORT,AUTO_REPORT
dc0eea0b68a7,0,0,0,2,0,ESCALATE,AUTO_REPORT
dde43aa22ae6,2,1,0,2,2,ESCALATE,ESCALATE
de2eb5c8aa83,0,0,0,1,0,AUTO_REPORT,AUTO_REPORT
de50dfa745f8,2,2,1,2,2,ESCALATE,ESCALATE
e1418d28d668,2,2,1,2,2,AUTO_REPORT,AUTO_REPORT
e1c02f6c3362,0,0,0,2,1,ESCALATE,AUTO_REPORT
e251bdf05b85,0,0,0,2,0,ESCALATE,AUTO_REPORT
e25ccfe38e44,1,0,0,2,2,ESCALATE,ESCALATE
e2c39ed0c941,0,0,0,2,0,ESCALATE,AUTO_REPORT
e2ec22b3d07e,0,0,0,2,0,ESCALATE,AUTO_REPORT
e3ab63dc9a60,4,2,1,2,2,ESCALATE,ESCALATE
e3ec668f6fad,4,4,1,2,2,ESCALATE,ESCALATE
e499434242cc,2,2,1,2,2,AUTO_REPORT,AUTO_REPORT
e4ae1ee6aada,0,0,0,2,0,ESCALATE,AUTO_REPORT
e50b0174690d,0,0,0,2,0,ESCALATE,AUTO_REPORT
e594c19e2e1d,0,0,0,2,2,ESCALATE,ESCALATE
e663c6627a95,2,2,1,2,2,AUTO_REPORT,AUTO_REPORT
e724866f5084,2,2,1,2,2,AUTO_REPORT,AUTO_REPORT
e7291472109b,0,0,0,2,0,ESCALATE,AUTO_REPORT
e7a7187066ad,2,2,1,2,1,AUTO_REPORT,ESCALATE
e7b5dd5bab1f,0,0,0,2,0,ESCALATE,AUTO_REPORT
e7fc93ac5b6d,2,2,1,2,2,ESCALATE,ESCALATE
ea05c22d92e9,2,2,1,2,2,AUTO_REPORT,AUTO_REPORT
ea4dcb055139,2,2,1,2,2,ESCALATE,ESCALATE
eabf421f94d0,0,1,0,2,0,ESCALATE,AUTO_REPORT
eb1d37b71fd1,4,3,1,2,2,ESCALATE,ESCALATE
ebe0175e530c,4,4,1,2,2,ESCALATE,ESCALATE
ec01f0862669,0,0,0,2,0,ESCALATE,AUTO_REPORT
ecad6845f630,0,0,0,2,2,ESCALATE,ESCALATE
ed246ae1ed08,4,4,1,2,2,ESCALATE,ESCALATE
ed2c06fcc573,2,1,1,2,2,ESCALATE,ESCALATE
ed2c52c14493,0,0,0,2,2,ESCALATE,ESCALATE
eda29a9d78f3,0,0,0,2,0,ESCALATE,AUTO_REPORT
ee02294cc3d9,2,2,1,2,2,AUTO_REPORT,AUTO_REPORT
ef7eb85b75fc,0,0,0,2,2,ESCALATE,ESCALATE
f0c0f7b5e820,2,2,1,2,2,ESCALATE,ESCALATE
f3a4751af42e,0,0,0,2,2,ESCALATE,ESCALATE
f451eee2b66b,0,0,0,2,0,ESCALATE,AUTO_REPORT
f460608cf4cc,2,2,1,2,2,AUTO_REPORT,AUTO_REPORT
f4c7ae514c54,0,0,0,2,0,ESCALATE,AUTO_REPORT
f4d3169b468a,0,0,0,2,0,ESCALATE,AUTO_REPORT
f4de9620e3f2,0,0,0,2,0,ESCALATE,AUTO_REPORT
f5733f77273d,0,0,0,2,0,ESCALATE,AUTO_REPORT
f580566e27f5,0,0,0,2,0,ESCALATE,AUTO_REPORT
f5a8c6426a71,3,2,1,2,2,AUTO_REPORT,AUTO_REPORT
f64b6e85f1c9,0,0,0,2,0,ESCALATE,AUTO_REPORT
f69400b316a7,2,2,1,2,2,ESCALATE,ESCALATE
f762c272c522,1,2,1,2,2,AUTO_REPORT,AUTO_REPORT
f80118bbda18,2,1,0,2,2,ESCALATE,ESCALATE
f901d460517c,3,3,1,2,2,AUTO_REPORT,AUTO_REPORT
f994a3b07935,0,0,0,2,0,ESCALATE,AUTO_REPORT
f9e1c439d4c8,0,1,0,2,2,ESCALATE,ESCALATE
f9e779a13204,2,2,1,2,2,AUTO_REPORT,AUTO_REPORT
fa9bece586fc,0,0,0,2,2,ESCALATE,ESCALATE
fac399455195,2,2,1,2,2,AUTO_REPORT,AUTO_REPORT
fd4c946c52bf,0,0,0,0,0,AUTO_REPORT,AUTO_REPORT
fd62bd0db4f1,1,0,0,2,0,ESCALATE,ESCALATE
fe0e2dee1834,0,0,0,2,0,ESCALATE,AUTO_REPORT
fe3b0e50be78,0,0,0,2,0,ESCALATE,AUTO_REPORT
fe3f62695b2d,0,0,0,2,0,ESCALATE,AUTO_REPORT
fed5bb685832,0,0,0,2,0,ESCALATE,AUTO_REPORT
fefded6bf135,0,0,0,2,2,ESCALATE,ESCALATE
ff4955e76894,0,1,0,2,2,ESCALATE,ESCALATE
ff8a0b45c789,4,2,1,2,2,ESCALATE,ESCALATE
