name,odX_gt,odY_gt,odX_pred,odY_pred,odDist_px,odDetected,odDia_pred,fvX_gt,fvY_gt,fvX_pred,fvY_pred,fvDist_px,fvDist_gtOd_px,fvFallback
IDRiD_001,651,1453,664.021843599825,1402.39143730887,52.2570093709973,1,93.5058070586868,1914,1617,1890.5,1626.5,25.3475837112732,36.0069437747777,0
IDRiD_002,3158,1280,3189.17444170116,1309.66377694036,43.0323770868684,1,261.893377226952,1922,1468,1878.5,1437.5,53.127205836558,56.7318252835214,0
IDRiD_003,1101,1374,1177.09876038687,1467.44367252418,120.510336765043,1,96.6791161414958,2566,1591,2791.5,1847.5,341.529647322161,24.4233494836396,0
IDRiD_004,2881,1430,2811.17745432022,1338.59430164138,115.02256116794,1,202.763174416605,1562,1550,1552.5,1546.5,10.1242283656583,12.3490890352285,0
IDRiD_005,2840,1175,2830.34026763035,1135.09416293503,41.058327551293,1,493.057798309699,1757,1310,1620.5,1342.5,140.315715441999,163.623042387067,0
IDRiD_006,2963,1501,2888.12928292886,1455.62145534396,87.5490524782925,1,366.770097445742,1745,1580,1637.5,1635.5,120.981403529633,116.946568996273,0
IDRiD_007,842,1374,857.89363832935,1355.84836690566,24.1265315231152,1,528.865670080501,2315,1505,2396.5,1511.5,81.7587915761969,118.652855001471,0
IDRiD_008,895,1299,893.225903817131,1284.24504714941,14.8612264261494,1,514.696771076609,2203,1483,2199.5,1463.5,19.811612756159,16.5680415257809,0
IDRiD_009,3241,1591,3276.40708752881,1584.9162448616,35.9259505630277,1,459.945674615266,2011,1670,2006.5,1772.5,102.598732935646,84.9264387573151,0
IDRiD_010,2948,1655,2868.55286166524,1641.12182804884,80.6501794560184,1,389.913376378199,1768,1771,1738.5,1788.5,34.300145772285,32.9013677527242,0
IDRiD_011,872,1385,925.513574935589,1383.33409897428,53.5394987706681,1,323.677683350255,2019,1629,1912.5,1615.5,107.352224010497,40.7492331216184,0
IDRiD_012,647,1149,657.434664976857,1133.46185254574,18.716737415739,1,480.694822708272,1865,1449,1816.5,1429.5,52.2733201547405,54.0786464327649,0
IDRiD_013,850,1224,861.86152291621,1201.4336703189,25.4938220196133,1,499.494853336338,2150,1389,2148.5,1385.5,3.80788655293195,2.12132034355964,0
IDRiD_014,816,1636,786.585619519532,1620.39028320509,33.2996852457645,1,435.469575646526,2086,1917,2069.5,1928.5,20.1121853611188,13.2098448136229,0
IDRiD_015,3076,1483,2981.9413348636,1406.01082590271,121.549847451258,1,339.670243892104,1955,1576,1367.5,1873.5,658.530561173891,619.509886926754,0
IDRiD_016,3241,1325,3233.36852651416,1317.12393311228,10.9668508326189,1,516.601756456764,1937,1288,1915.5,1252.5,41.5030119388943,42.029751367335,0
IDRiD_017,3286,1321,3223.13603262698,1333.17751429532,64.0325717763191,1,389.119064888763,2026,1644,2028.5,1584.5,59.552497848537,56.3071931461692,0
IDRiD_018,520,1340,579.054400035871,1312.81869643928,65.0095795006907,1,476.623673700859,1704,1573,1669.5,1568.5,34.7922405142296,33.5335652742144,0
IDRiD_019,962,1303,991.025953333398,1282.65863545228,35.4439991899296,1,512.74373778154,2161,1621,2141.5,1618.5,19.6596032513375,17.7341478509682,0
IDRiD_020,2933,1786,2900.19757869873,1760.09900818042,41.795456935702,1,444.774663515186,1723,1842,1685.5,1855.5,39.8559907667593,43.3647322140931,0
IDRiD_021,1018,1415,1043.78653459998,1406.20424147771,27.2453800608222,1,465.677584579936,2011,1670,2658.5,1777.5,656.363085494606,656.82455800617,0
IDRiD_022,3136,1325,3130.18293634347,1305.50419947827,20.34513375644,1,457.053460358423,2000,1385,1515.5,1529.5,505.589260170744,503.132686276692,0
IDRiD_023,865,1059,933.095654844158,1061.84969920299,68.1552565412398,1,302.024337932328,2124,1359,2111.5,1329.5,32.0390386872016,36.4485939372152,0
IDRiD_024,902,1138,924.832888284702,1126.58149245036,25.5288680141311,1,161.941084666338,2266,1314,2235.5,1306.5,31.4085975490788,33.8008875623111,0
IDRiD_025,2922,1479,2926.9365872211,1463.01018847194,16.7345142174593,1,548.907465668057,1543,1573,1516.5,1574.5,26.542418879974,27.5408787078408,0
IDRiD_026,962,1543,982.089075738907,1523.41350263922,28.0571175088816,1,578.624211146906,2367,1550,2388.5,1563.5,25.3870045495722,24.8696602308918,0
IDRiD_027,3113,1370,3117.54521745708,1352.97857348158,17.6178308101196,1,648.719893731948,1794,1419,1503.5,1192.5,368.364629138032,59.5189045598119,0
IDRiD_028,2975,1359,2988.24532900495,1343.09732766165,20.6962249685802,1,500.232260261062,1730,1393,1689.5,1394.5,40.5277682583189,45.5686295602578,0
IDRiD_029,1030,1411,1047.09692679455,1395.6360397373,22.985999668755,1,546.584119798777,2397,1576,2405.5,1599.5,24.9899979991996,27.5408787078408,0
IDRiD_030,1078,1404,1093.63958295448,1383.11735871169,26.0898689564819,1,561.310512588567,2337,1588,2380.5,1578.5,44.5252737217864,44.3226804243606,0
IDRiD_031,1045,1291,1054.90032628632,1294.00661453808,10.3467961976755,1,574.227490719304,2367,1419,2469.5,1425.5,102.705890775554,96.5634506425697,0
IDRiD_032,2941,1524,2947.21841858954,1507.86089946394,17.2956438407981,1,573.760557418733,1502,1543,1504.5,1547.5,5.1478150704935,17.6776695296637,0
IDRiD_033,659,1164,698.424166590299,1121.03934948575,58.3085105618998,1,424.991696504174,1933,1505,1685.5,1588.5,261.20585751472,287.510869359751,0
IDRiD_034,951,1044,970.43744174402,1033.0178946963,22.3253393804836,1,574.95320070384,2255,1153,2281.5,1164.5,28.8877136513086,32.2567822325786,0
IDRiD_035,2847,1734,2848.06243083595,1710.68162479438,23.3425658724869,1,583.580425841855,1532,1707,1489.5,1726.5,46.7600256629527,47.270498199194,0
IDRiD_036,3068,1573,3071.54869498031,1549.34245765968,23.9222186606343,1,555.120119698086,1700,1644,1645.5,1685.5,68.5018247932126,70.3597896528976,0
IDRiD_037,3312,1617,3279.94002298416,1597.86677916297,37.3352683913598,1,295.848451109228,2105,1782,2093.5,1817.5,37.3162163140906,36.3661930919364,0
IDRiD_038,962,1434,1080.20284910255,1425.57210970649,118.50292346925,1,295.50395546688,2293,1535,2270.5,1541.5,23.4200768572607,26.6552058705237,0
IDRiD_039,2858,1771,2788.49008280985,1768.55378431558,69.5529478811343,1,347.85753781253,1494,1895,1498.5,1916.5,21.9658826364888,19.5576072156079,0
IDRiD_040,2847,1138,2817.71150063491,1120.6863219879,34.0232220897054,1,452.270360891352,1502,1385,1447.5,1384.5,54.5022935297222,57.987067523716,0
IDRiD_041,1161,1505,1177.31848507285,1490.65124389583,21.7296975775023,1,560.983777442411,2379,1629,2376.5,1626.5,3.53553390593274,3.53553390593274,0
IDRiD_042,2922,1535,2814.3614290114,1504.86670773021,111.776908471676,1,321.489066756362,1708,1584,1548.5,1572.5,159.914039408677,156.788073526018,0
IDRiD_043,2667,1153,2664.25311664583,1134.43604577363,18.7660801628922,1,575.335076840031,1322,1198,1294.5,1190.5,28.5043856274784,36.1178626167164,0
IDRiD_044,962,1097,972.203240132551,1072.94773422549,26.1269515651962,1,529.245917023299,2188,1321,2178.5,1348.5,29.0946730519523,35.1069793630839,0
IDRiD_045,846,1284,867.029007765688,1255.80512773367,35.1734273241012,1,485.224034497723,2154,1408,2149.5,1375.5,32.8100594330458,32.962099447699,0
IDRiD_046,3222,1340,3233.03838678658,1320.49080369477,22.4155018530894,1,613.215683250114,1787,1396,1766.5,1400.5,20.9880918618154,19.811612756159,0
IDRiD_047,988,1168,987.495165987187,1144.10618986605,23.8991426644966,1,522.751410604299,2169,1411,2178.5,1407.5,10.1242283656583,10.1242283656583,0
IDRiD_048,966,1314,1035.60147853637,1338.49657544884,73.7865029878093,1,404.923073697728,2214,1456,2222.5,1446.5,12.747548783982,10.7935165724615,0
IDRiD_049,3199,1644,3214.59038226711,1622.80862843306,26.3084444261327,1,607.548097271165,1963,1617,1600.5,1462.5,394.051392587312,401.353335603431,0
IDRiD_050,760,1160,769.567232061975,1134.47308905757,27.2608714385731,1,451.44333833609,2015,1314,1988.5,1354.5,48.3993801613202,50.3438178925675,0
IDRiD_051,3087,1674,3067.48518477553,1679.69306492645,20.3282808299663,1,321.873000600478,1775,1917,1773.5,1927.5,10.6066017177982,5.1478150704935,0
IDRiD_052,884,1378,934.248031445818,1370.27000778488,50.839132996401,1,315.859511502841,2120,1355,2120.5,1366.5,11.5108644332213,14.7139389695622,0
IDRiD_053,1007,1505,1013.58855768112,1485.65504346236,20.4361551119706,1,553.559404899169,2337,1677,2628.5,1873.5,351.545871828983,320.46294637602,0
IDRiD_054,2851,1408,2856.42957485222,1381.2716675323,27.2742376535076,1,555.774564975459,1521,1543,1490.5,1549.5,31.1849322590254,29.7405447159261,0
IDRiD_055,647,1644,706.171222861108,1631.07029468623,60.5674078558749,1,453.310794713624,1940,1869,1912.5,1910.5,49.7845357515765,50.0849278725646,0
IDRiD_056,2907,1333,2912.85569086332,1315.14664943193,18.7891256314145,1,611.806310331336,1547,1543,1498.5,1550.5,49.0764709407675,47.4605099003371,0
IDRiD_057,719,1381,721.847396285309,1376.44388273361,5.37269672982247,1,615.257471378473,2011,1359,1796.5,1424.5,224.277729612193,223.321517100346,0
IDRiD_058,2810,1370,2783.55082263242,1331.27377608347,46.8964753713428,1,251.909227519757,1644,1441,1585.5,1439.5,58.5192276093935,52.5023808983936,0
IDRiD_059,854,1172,852.88190627115,1163.52560568294,8.54783555220603,1,481.035066436465,2060,1295,2051.5,1283.5,14.3003496460751,13.729530217746,0
IDRiD_060,1153,1142,1185.91908822603,1099.72775684472,53.5780637109278,1,467.217109047458,2491,1306,2500.5,1323.5,19.9123077517399,17.6776695296637,0
IDRiD_061,3316,1576,3283.10827125903,1586.44764687123,34.5111452246321,1,472.837996672556,2161,1812,2140.5,1838.5,33.5037311355019,36.1731944953718,0
IDRiD_062,884,1198,967.258885697875,1153.30397472717,94.4974958548712,1,332.919663536409,2150,1258,2122.5,1261.5,27.7218325512582,28.5043856274784,0
IDRiD_063,2825,1479,2777.40562756557,1431.81497583564,67.0197791164561,1,354.867623786076,1506,1554,1487.5,1591.5,41.8150690541101,47.1221816133337,0
IDRiD_064,2750,1355,2747.54678482396,1323.17310954023,31.9212972956601,1,472.975307527654,1468,1576,1413.5,1542.5,63.9726504062478,64.7340713998432,0
IDRiD_065,2720,1385,2720.71747355514,1357.52919537913,27.4801723942975,1,550.640940599768,1337,1629,1358.5,1197.5,432.035299483734,404.58929793063,0
IDRiD_066,801,1374,802.500958937792,1346.3745856897,27.6661597181249,1,508.835200651346,2049,1509,1789.5,1510.5,259.504335223903,494.851998076193,0
IDRiD_067,3166,1677,3102.91725571726,1664.96133056133,64.2211973424326,1,78.2577932871617,1757,1790,1700.5,1800.5,57.4673820527784,54.5206382941359,0
IDRiD_068,3301,1438,3290.91104394327,1433.76105298509,10.9432950298268,1,496.416304814585,2116,1719,2100.5,1769.5,52.8251833882288,57.2407197718547,0
IDRiD_069,977,1797,1049.23006446304,1778.65608741371,74.5230255780587,1,373.159272710677,2259,1932,2239.5,1954.5,29.7741498619188,31.1849322590254,0
IDRiD_070,2780,1475,2764.18750382746,1434.36998602629,43.5985443645837,1,478.229136234885,1547,1558,1501.5,1542.5,48.0676606462183,48.0676606462183,0
IDRiD_071,1337,1460,1337.66394802112,1432.36281745005,27.6451566512811,1,409.086860313186,2604,1670,2952.5,1844.5,389.746712622442,369.467860577886,0
IDRiD_072,3098,1782,3182.34298447384,1792.54629097182,84.9997840186435,1,297.601315070646,1817,1865,1784.5,1964.5,104.673301275922,96.1171160616048,0
IDRiD_073,805,1509,819.65056669304,1474.26133642968,37.7016425514742,1,497.816028777863,2045,1561,2050.5,1566.5,7.77817459305202,7.64852927038918,0
IDRiD_074,992,1610,1040.81583650386,1616.74713063646,49.2799113777359,1,400.37430667141,2274,1696,2283.5,1716.5,22.59424705539,23.1192560433938,0
IDRiD_075,1022,1408,1052.61286100968,1393.60520671076,33.8283510245159,1,446.593030896693,2308,1505,2315.5,1501.5,8.27647267862342,8.63133825081603,0
IDRiD_076,707,1423,757.240143081066,1391.41108119091,59.3458656380801,1,533.961850709393,2000,1591,1955.5,1607.5,47.4605099003371,44.0283999255026,0
IDRiD_077,2986,1644,2999.41536752233,1612.76123315902,33.9975387271485,1,602.723497091044,1704,1550,1629.5,1548.5,74.5150991410466,98.3793677556427,0
IDRiD_078,925,1509,940.053523302721,1475.09882842674,37.0930990598639,1,544.692829688612,2244,1666,2202.5,1682.5,44.6598253467252,43.0174383244749,0
IDRiD_079,932,1449,959.165313095504,1424.48777509017,36.5896625511461,1,517.618653680646,2367,1644,2389.5,1660.5,27.9016128566074,28.7141080307225,0
IDRiD_080,977,1374,1024.94624978308,1334.57718105614,62.0725504691243,1,410.796660185613,2367,1606,2403.5,1606.5,36.503424496888,32.6879182573623,0
IDRiD_081,730,1228,717.775996895395,1182.8324306054,46.7924735071526,1,552.380500613946,1952,1363,1868.5,1306.5,100.819145007285,96.9561756671539,0
IDRiD_082,3203,1561,3201.39793250765,1527.21316272277,33.8247984982624,1,494.954746500989,2015,1681,1959.5,1714.5,64.8266920334518,67.3089889984986,0
IDRiD_083,2780,1453,2818.53248716412,1292.69557781021,164.870435010813,1,625.1587196349,1532,1456,1488.5,1480.5,49.9249436654665,54.5389768880935,0
IDRiD_084,1067,1366,1076.95836432706,1364.12211460053,10.133877522642,1,565.761482736936,2293,1505,2319.5,1523.5,32.3187252223846,29.5381109754839,0
IDRiD_085,3079,1610,3065.83180944544,1591.20266378469,22.9508407530668,1,455.355172474922,1884,1606,1835.5,1634.5,56.2538887544675,54.8862460002504,0
IDRiD_086,685,1149,695.384406014538,1116.65913189719,33.9671552815082,1,479.742979714573,1918,1411,1858.5,1420.5,60.2536305960064,55.3217859436949,0
IDRiD_087,3020,1261,3031.32355541522,1226.96802441848,35.8663947062228,1,491.874962048868,1903,1325,1417.5,1462.5,504.595382460046,516.688010311832,0
IDRiD_088,2903,1588,2906.79739065407,1602.56636872702,15.053214728793,1,534.82553854779,1562,1546,1560.5,1558.5,12.5896783120142,14.5773797371133,0
IDRiD_089,1120,1303,1114.37948279906,1280.69508336026,23.0021633746025,1,536.362429159869,2420,1580,2397.5,1596.5,27.9016128566074,28.3637092073657,0
IDRiD_090,1120,1299,1137.70864015311,1288.60341989165,20.534965644522,1,560.358138661702,2435,1580,2448.5,1584.5,14.2302494707577,13.2098448136229,0
IDRiD_091,3169,1299,3202.88913274923,1292.6866055222,34.4721955832142,1,540.190829078561,1712,1468,1836.5,1608.5,187.72453222741,151.024832395206,0
IDRiD_092,786,1438,790.226171329481,1429.47444221618,9.51554830955262,1,438.60288368237,2083,1614,2028.5,1645.5,62.9483915600709,62.9483915600709,0
IDRiD_093,726,1404,773.035571786028,1358.93513344031,65.1397513910021,1,455.083865488535,1914,1632,1831.5,1618.5,83.5972487585566,54.9408773137088,0
IDRiD_094,835,1434,855.334156742783,1383.55166226508,54.3922118566268,1,604.518542023979,2105,1670,2090.5,1663.5,15.8902485820707,16.140012391569,0
IDRiD_095,3042,1884,3040.35348727841,1851.808690654,32.2333895448856,1,540.738558093359,1858,1902,1818.5,1931.5,49.300101419774,48.5025772511111,0
IDRiD_096,794,1284,810.103247834066,1268.75267807605,22.1764608686287,1,546.198460018788,2146,1554,2128.5,1544.5,19.9123077517399,20.4083316319585,0
IDRiD_097,3188,1520,3205.91801953206,1488.8179166649,35.9635613512931,1,548.428261429107,1918,1558,1591.5,1704.5,357.861006537454,346.223193908207,0
IDRiD_098,857,1385,864.720325112003,1372.01107868721,15.11011239882,1,521.787221776175,2071,1640,1999.5,1667.5,76.6061355245127,75.5810822891549,0
IDRiD_099,1116,1321,1124.77251787593,1304.9078571251,18.3279603936085,1,554.384524265822,2495,1464,2495.5,1472.5,8.5146931829632,4.52769256906871,0
IDRiD_100,913,1276,933.062707336276,1246.735870171,35.4810022449992,1,536.522639552904,2180,1531,2175.5,1522.5,9.61769203083567,8.74642784226795,0
IDRiD_101,2900,1696,2895.27653462419,1677.01691826369,19.5619149717949,1,537.159447825632,1674,1846,1601.5,1860.5,73.9357829470954,77.6820442573443,0
IDRiD_102,992,1520,941.290816244081,1410.07276870122,121.059561779348,1,396.961802363292,2356,1745,1928.5,1249.5,654.428376524124,348.649537501486,0
IDRiD_103,2806,1640,2809.94582244104,1600.26657017754,39.9288737656392,1,559.622602812791,1562,1715,1535.5,1720.5,27.0647372054487,30.830180018936,0
