image,sensitivity,specificity,precision,accuracy,dice,iou,gmean,auc
1,0.890726902173913,0.957969344010353,0.759272664099372,0.949258079279026,0.819763352454788,0.694575409228161,0.923736470086527,0.980550366407813
2,0.900340387746041,0.956238106779845,0.781873329220646,0.947944206800235,0.836935437273865,0.719594994204064,0.927868410840517,0.982272674410276
3,0.751497279056334,0.975161409713369,0.836486074921322,0.942812921834946,0.791717378771379,0.655241882041087,0.856055574154118,0.962917804345713
4,0.83996836277353,0.971862735640704,0.821398646471157,0.954255698240705,0.830579724313227,0.710249122220365,0.903512009270893,0.970449814743497
5,0.786523399572788,0.974562037480023,0.829419795221843,0.949009570051369,0.807402239277052,0.677011366168932,0.875508907329543,0.962475562050124
6,0.786655452761424,0.971698983829456,0.820627802690583,0.945546755653778,0.803282599360656,0.671238338250538,0.87429531856929,0.962576611106793
7,0.81240670094543,0.972808517764797,0.820490485124632,0.951525581886686,0.816428583334722,0.689800861898994,0.888997277031214,0.967423707845139
8,0.791848822450994,0.973658031712856,0.810742518860773,0.950980650835532,0.801184297358517,0.66831314904633,0.878060342961563,0.967768515082495
9,0.788997344702494,0.976554597142701,0.817649794589567,0.954502282141255,0.803068080165966,0.670938811855998,0.877780715271534,0.966077520589244
10,0.840159104301709,0.966087431310768,0.771144614968562,0.951010437290273,0.804173863996898,0.672483933730323,0.9009257188954,0.969833166865082
11,0.860858081338255,0.954689369953493,0.739119058002617,0.942512875498761,0.795357131683509,0.660243091626844,0.906560565705453,0.972212025356749
12,0.858266058266058,0.966186612474031,0.784371591711041,0.952658973016495,0.819656744435506,0.694422356014995,0.910628999888276,0.977087103020844
13,0.826237946110198,0.964741812955549,0.795053108962883,0.945070044171206,0.810345614061764,0.681160531697341,0.892808094756662,0.968997241334668
14,0.874357916838514,0.962065405158549,0.753181319036238,0.951811084371151,0.809258584491524,0.679625797802582,0.917163836790804,0.978750278471157
15,0.890051247299987,0.960733383511169,0.724730144497707,0.953377878072,0.798927919708029,0.665178995347071,0.924717225056857,0.981538123820616
16,0.865127051794166,0.966386554621849,0.795143923734304,0.953116820847135,0.828660536299916,0.707446954516758,0.914356140075366,0.980230735872724
17,0.809205802096797,0.972953622622427,0.806657122405154,0.952913881968337,0.807929452251219,0.677753052264389,0.887310383460695,0.974334828236409
18,0.894124847001224,0.95871926815323,0.737902080242432,0.951288944425134,0.808536395551943,0.678607716201701,0.925858908773163,0.980823348039959
19,0.938027551430555,0.955082706766917,0.741250866250866,0.953025340838465,0.828110130808561,0.70664501211187,0.946516715564093,0.986770164348277
20,0.900638780135998,0.957439255285579,0.716853637735354,0.951369775542648,0.798305053788972,0.664315895066419,0.928604826034585,0.983266073300539
