GlobalAccuracy,MeanAccuracy,MeanIoU,WeightedIoU,MeanBFScore
0.949258079279026,0.924348123092133,0.818607192239998,0.910502316694941,0.979807685915587
0.947944206800235,0.928289247262943,0.829756438707872,0.907227175321745,0.969615130179651
0.942812921834946,0.863329344384852,0.795540629245101,0.895256630257717,0.96461529633256
0.954255698240705,0.905915549207117,0.829363854734668,0.916676509500252,0.947118733670274
0.949009570051369,0.880542718526406,0.809959438858224,0.906775030107488,0.953925740565794
0.945546755653778,0.87917721829544,0.804986909782542,0.900930072601392,0.954697223786808
0.951525581886686,0.892607609355114,0.817734936775784,0.911719113001558,0.947463347138015
0.950980650835532,0.882753427081925,0.806960809909131,0.911020939965315,0.957681965088545
0.954502282141255,0.882775970922598,0.810394401444694,0.917056606076947,0.961121045224325
0.951010437290273,0.903123267806239,0.809007703170812,0.912840368006035,0.957523555410314
0.942512875498761,0.907773725645874,0.797763104717559,0.899591149776582,0.958968936757076
0.952658973016495,0.912226335370045,0.820687156019182,0.915297843362994,0.964796115513101
0.945070044171206,0.895489879532873,0.809463732898525,0.90132100712586,0.957600628953596
0.951811084371151,0.918211660998531,0.812974913129598,0.915143005456857,0.959974943675609
0.953377878072,0.925392315405578,0.806898902015047,0.919122769083418,0.94887475412943
0.953116820847135,0.915756803208007,0.827284437379039,0.915713283038737,0.959343351315662
0.952913881968337,0.891079712359612,0.812745676806437,0.914697040984177,0.958406041706571
0.951288944425134,0.926422057577227,0.812156145708193,0.91498030996345,0.96623175483834
0.953025340838465,0.946555129098736,0.826838381123034,0.918033862122909,0.960740589899914
0.951369775542648,0.929039017710789,0.805253592843037,0.916071172806632,0.943918924886894
